第,525
一,10306
回,2124
張,1502
天,2092
師,1165
祈,20
禳,11
瘟,10
疫,11
洪,76
太,1500
尉,768
誤,125
走,1452
妖,84
魔,86
話,1017
說,3766
大,4656
宋,4854
仁,152
宗,710
子,3126
在,4705
位,489
嘉,46
祐,13
三,2812
年,403
月,461
日,3034
五,1556
更,486
點,567
駕,141
坐,989
紫,133
宸,4
殿,292
受,337
百,892
官,1632
朝,550
賀,179
但,481
見,4561
祥,60
雲,517
迷,74
鳳,97
閣,70
瑞,136
氣,645
罩,19
龍,601
樓,374
含,13
煙,96
御,264
柳,132
拂,43
旌,43
旗,647
帶,806
露,83
宮,141
花,971
迎,509
劍,188
戟,124
香,292
影,113
裏,4988
玉,389
簪,12
朱,693
履,19
聚,238
丹,74
墀,9
仙,110
樂,244
聲,943
中,2861
繡,144
襖,81
錦,219
衣,543
扶,184
珍,229
珠,148
簾,93
捲,93
黃,712
金,1259
上,6013
現,127
轝,1
羽,96
扇,62
開,1082
白,708
階,63
前,2764
停,78
寶,523
輦,5
隱,66
淨,108
鞭,136
下,5008
響,325
層,29
文,880
武,1789
兩,3711
班,144
齊,609
當,1938
有,4134
頭,3034
喝,600
道,10720
事,1508
出,3170
早,1004
奏,403
無,1310
退,321
只,4120
部,223
叢,121
宰,64
相,1614
趙,182
哲,8
參,228
政,22
彥,6
博,53
曰,114
目,337
今,1643
京,745
盛,157
行,1784
傷,228
損,82
軍,4633
民,280
甚,822
多,1064
伏,369
望,1019
陛,59
釋,20
罪,326
寬,75
恩,484
省,195
刑,34
薄,67
稅,2
災,45
救,604
濟,227
萬,706
聽,1846
急,631
敕,103
翰,17
林,1285
院,284
隨,708
即,445
草,408
詔,169
面,2244
降,329
赦,65
囚,102
應,726
間,761
賦,3
悉,13
皆,308
免,108
命,640
觀,224
寺,238
修,81
設,188
好,2048
不,8689
料,105
其,453
轉,428
聞,463
知,1922
體,144
安,1193
復,203
會,518
計,573
議,405
向,487
那,5152
臣,278
越,107
啟,60
看,2489
時,3311
乃,290
是,6320
范,86
仲,42
淹,8
拜,720
罷,614
起,2148
居,170
塗,17
炭,25
夕,24
能,455
聊,15
生,1255
以,608
愚,54
意,450
要,2012
此,2528
可,1185
宣,261
嗣,6
漢,1223
星,493
夜,768
臨,164
就,877
禁,127
千,616
六,481
分,1360
羅,249
醮,19
帝,119
保,616
准,57
令,824
學,297
士,772
筆,75
親,545
書,929
並,645
炷,13
欽,41
差,671
內,999
外,807
提,502
信,428
為,1366
使,1107
往,405
江,4471
西,735
州,1773
虎,687
山,3128
請,1019
真,457
人,9347
來,10145
焚,49
將,4387
付,114
與,2198
便,4297
登,113
程,152
去,5608
領,1680
了,11744
聖,262
辭,205
別,433
背,463
數,742
十,2003
鋪,113
馬,4311
從,935
離,393
東,977
取,1132
路,1649
逕,290
投,584
貴,272
溪,144
縣,761
遙,45
疊,65
翠,96
遠,402
水,1168
澄,23
清,996
奇,125
綻,56
嫩,16
舞,162
絲,61
地,1908
風,791
和,1548
暖,18
過,1573
野,101
店,569
村,457
直,987
沙,108
平,558
宿,310
郵,2
亭,130
驛,38
館,33
蕩,112
漾,11
紅,420
塵,73
駿,19
馳,64
驅,76
陌,12
且,1440
齎,120
擎,54
途,55
止,103
到,3442
小,3207
員,733
郭,149
接,607
報,1003
住,1320
持,115
眾,1978
準,121
備,456
次,669
同,829
送,668
於,523
許,356
鳴,123
鐘,35
擊,77
鼓,320
燈,273
燭,81
幢,8
幡,27
蓋,586
派,41
都,3057
至,511
端,295
的,4686
座,246
青,1118
松,1183
屈,63
曲,75
柏,16
陰,132
森,32
門,2076
懸,92
額,79
戶,202
列,134
靈,223
符,34
篆,6
虛,121
皇,247
壇,21
畔,24
依,312
稀,17
垂,56
名,749
煉,7
藥,214
爐,47
邊,1325
掩,105
映,44
蒼,33
老,1108
檜,4
左,497
壁,161
廂,44
丁,61
力,381
著,3052
乙,78
君,155
右,463
勢,306
女,423
童,426
簇,143
捧,93
定,840
微,123
披,193
髮,103
仗,164
北,576
方,1080
踏,122
龜,27
蛇,108
趿,1
頂,190
冠,58
南,532
極,85
排,367
二,2056
八,584
後,1857
砌,17
流,190
潺,6
湲,1
牆,129
環,122
繞,46
鶴,41
長,863
綠,156
毛,125
樹,273
梢,88
獻,164
果,301
猿,30
莎,4
銜,31
芝,5
鹿,28
步,516
四,1539
堂,397
敲,79
罄,6
禮,408
斗,69
臺,182
彩,68
霞,48
光,340
射,211
碧,67
琉,12
璃,16
召,12
瑤,10
赤,129
搖,215
瑪,5
瑙,5
疑,143
自,2388
及,295
侍,270
引,929
供,76
養,139
問,1100
監,325
何,1946
處,1492
稟,215
教,1564
得,5116
這,4201
代,47
祖,144
號,370
靖,11
性,408
高,1088
倦,28
結,270
茅,23
庵,36
因,790
本,679
如,2345
答,361
容,257
權,168
貧,57
等,1924
亦,335
敢,873
讀,81
丈,309
茶,201
再,994
煩,171
執,190
進,1374
齋,65
陸,138
俱,156
既,340
然,679
雖,324
實,228
非,325
常,296
霧,62
興,146
蹤,23
跡,63
難,403
怎,649
似,509
特,268
遣,144
奉,189
做,1785
奈,158
除,156
辦,85
志,415
誠,56
心,1462
戒,87
沐,8
浴,27
換,116
布,166
休,683
燒,228
叩,19
若,964
空,219
遭,237
俺,426
食,283
素,101
恁,209
你,3993
明,1406
絕,87
晚,465
各,927
歇,385
湯,219
身,1577
新,314
鮮,60
腳,498
穿,335
麻,102
鞋,71
吃,61
用,1289
包,337
袱,18
脊,43
梁,794
手,1686
銀,691
指,355
徑,74
又,2179
悔,22
之,1846
顧,443
口,958
誦,17
尊,133
縱,146
半,610
侵,75
霄,18
正,1947
根,97
盤,256
角,160
磨,40
斷,179
亂,357
痕,17
近,444
吞,39
魄,30
低,127
謂,36
側,113
石,995
通,294
岫,9
孤,39
嶺,237
崎,10
嶇,9
圓,76
壯,152
巒,10
藏,193
豹,118
穴,34
巖,20
洞,121
境,43
界,86
府,977
樵,14
沒,653
車,302
澗,47
古,182
渡,96
源,39
崖,20
滴,22
泉,31
納,201
錐,5
尖,96
象,77
峻,29
峭,5
險,75
削,13
儠,1
峰,28
競,15
秀,514
壑,5
爭,175
瀑,7
斜,59
飛,741
藤,37
蘿,4
倒,612
掛,275
嘯,9
谷,37
啼,26
墜,38
腰,286
恰,103
黛,6
染,39
成,493
塊,112
紗,42
籠,93
堆,93
獨,148
個,6120
坡,117
攬,7
葛,14
攀,22
約,213
莫,228
里,475
酸,17
腿,102
軟,73
動,538
肚,122
躊,22
躇,22
想,417
我,4505
廷,314
重,424
裀,1
而,423
臥,57
鼎,37
尚,436
兀,221
怠,18
曾,742
般,516
他,3359
卻,2761
苦,297
掇,54
肩,65
喘,31
凹,24
陣,1008
奔,568
雷,318
也,2029
吼,28
撲,160
跳,234
弔,88
睛,55
蟲,170
喫,1391
驚,461
叫,1672
阿,105
呀,35
偷,60
眼,471
色,352
爪,23
鉤,113
隻,420
閃,140
電,18
尾,156
血,175
盆,36
牙,137
伸,21
展,87
臂,114
猙,10
獰,12
擺,256
霹,50
靂,50
狐,12
兔,32
盡,658
潛,38
獐,12
麀,1
斂,14
旋,203
咆,9
哮,10
托,117
底,109
諕,9
齒,42
捉,511
對,716
兒,1125
廝,941
打,1932
吊,30
桶,95
七,614
落,399
渾,113
木,187
鬥,304
敗,252
公,1773
雞,74
連,663
盞,142
纔,387
爬,83
收,628
拾,246
還,546
把,2554
務,88
尋,652
嘆,45
怨,58
限,81
場,200
恐,262
猶,80
未,528
覺,188
吹,116
毒,74
沖,824
竹,91
簌,9
搶,303
條,642
雪,187
撇,103
番,253
死,924
陀,58
昂,48
首,531
飆,1
掣,79
則,198
折,266
峽,3
岡,156
呼,467
吸,5
吐,35
鱗,28
甲,391
片,137
迸,42
巨,17
舌,30
噴,29
臉,191
魂,73
悠,17
溜,36
慚,18
愧,15
殺,1658
寒,104
栗,8
比,148
餶,2
飿,2
罵,240
叵,34
耐,63
戲,58
弄,88
拿,629
整,226
頓,145
服,212
巾,147
幘,29
待,784
欲,234
移,82
笛,31
漸,111
騎,371
牛,244
橫,519
管,733
鐵,388
綰,18
枚,17
丫,21
髻,23
絛,41
編,7
芒,12
隔,98
眸,7
皓,7
飄,57
埃,3
鬢,26
顏,159
耿,70
全,397
俗,45
態,9
昔,36
呂,175
賓,44
牧,10
詩,212
歸,332
飽,41
飯,308
昏,89
脫,217
蓑,9
笑,590
吟,32
喚,559
認,285
麼,662
睬,23
呵,53
乘,159
猛,276
獸,72
害,316
謊,18
思,396
吩,212
咐,217
已,1233
些,962
舊,193
辛,29
嘴,75
攔,158
福,137
覆,51
輕,200
慢,169
試,48
探,251
旁,49
識,252
晨,26
惜,112
錯,77
猥,6
獕,2
幼,61
顯,84
化,93
驗,28
世,223
稱,203
放,940
法,429
旨,211
完,80
筵,177
宴,135
匣,36
留,377
飲,267
酌,23
席,215
曉,164
膳,12
遊,27
喜,570
跟,274
玩,37
景,152
致,100
富,120
言,609
廊,50
九,382
邪,39
諸,220
遍,143
所,301
另,53
宇,50
搗,14
椒,4
泥,79
肐,26
膊,79
鎖,104
交,433
叉,140
貼,63
封,242
皮,240
印,51
簷,38
硃,6
漆,27
字,359
牌,290
寫,323
鎮,239
王,1624
唐,356
玄,53
國,501
經,194
傳,347
添,91
孫,900
妄,19
利,146
誓,69
銅,114
汁,16
灌,28
鑄,4
誰,413
余,50
怪,243
模,77
樣,151
告,335
決,85
先,1737
叮,12
嚀,3
擅,38
胡,215
煽,10
惑,24
良,189
故,200
假,116
耀,30
們,942
術,77
鑒,18
神,622
鬼,183
幽,74
冥,7
快,400
疾,69
惹,84
怒,304
違,48
犯,219
私,90
姓,495
追,228
度,153
牒,25
刺,132
配,139
惡,132
懼,63
怕,344
幾,607
火,1028
工,41
揭,72
鎚,29
推,275
黑,408
默,22
杳,11
陽,234
億,4
載,92
瞻,8
辨,18
靄,17
冷,122
顫,9
精,151
鄉,183
雙,467
盲,3
掌,100
暗,244
物,332
照,160
央,90
碑,22
尺,80
趺,1
陷,177
碣,39
章,40
籙,3
鑿,21
遇,171
罡,45
合,498
必,606
忠,383
輳,17
巧,55
豈,82
阻,50
註,3
妨,112
汝,139
鋤,14
鍬,6
掘,26
慌,385
忙,480
諫,50
穩,39
肯,425
集,94
併,114
深,918
板,127
圍,176
扛,47
淺,31
刮,40
喇,20
亮,120
摧,14
塌,13
岳,47
撼,18
崩,12
錢,593
塘,18
潮,23
浪,89
擁,136
海,212
泰,72
華,143
劈,112
碎,136
共,141
奮,23
盔,108
撞,307
周,197
施,328
威,264
始,37
竿,38
滾,120
掀,31
散,336
作,588
發,618
喊,245
攧,36
翻,334
睜,75
呆,70
罔,13
措,55
土,274
迭,82
句,159
緣,162
由,151
眠,12
晝,22
忘,82
餐,13
宛,61
城,2052
蓼,32
窪,6
蛟,19
畢,272
竟,150
語,239
解,915
延,405
紋,38
鬧,163
史,438
家,2128
初,173
囑,44
煞,31
單,241
立,670
惱,98
證,178
扃,1
旦,22
社,54
稷,14
擾,52
兵,2243
戈,26
垓,26
俅,159
姦,33
佞,26
堪,46
恨,138
釀,4
禍,51
胎,25
汗,50
李,2564
豎,63
節,333
責,38
汴,6
普,7
病,207
消,213
站,7
賞,322
賜,224
職,90
晏,3
濮,2
懿,1
允,43
讓,235
英,466
浮,31
破,343
弟,1386
業,56
鎗,698
棒,360
最,162
踢,95
毯,3
順,545
毬,13
傍,73
改,76
彈,38
歌,75
頑,22
耍,66
詞,80
論,86
義,1140
智,763
幫,100
閒,218
每,263
瓦,44
舍,131
被,1017
父,358
紙,139
狀,100
尹,88
杖,165
淮,39
賭,70
坊,151
郎,369
專,141
客,737
招,440
干,176
澇,1
郊,7
感,121
調,268
雨,170
宥,11
量,200
橋,195
董,249
戚,31
札,37
纏,116
賫,7
活,290
裹,201
迤,39
邐,34
入,1430
孩,74
歡,134
酒,2006
套,53
簡,21
螢,2
足,222
薦,41
蘇,74
久,165
謝,344
吏,117
原,613
情,339
駙,39
晉,45
卿,70
呈,71
幹,130
妹,40
夫,352
愛,128
際,33
疏,80
忽,168
慶,737
誕,2
辰,135
舅,91
聰,18
俊,878
俏,19
琴,12
棋,7
畫,160
品,49
插,166
瓶,63
音,57
司,401
頻,26
逞,42
妙,64
藝,122
晶,4
壺,80
瓊,231
漿,13
琥,3
珀,3
杯,219
滿,248
泛,5
池,180
液,2
玳,3
瑁,2
桃,64
異,98
玻,4
碗,196
熊,11
駝,9
蹄,36
膾,2
切,126
細,363
烹,5
蕊,6
裙,34
鸞,38
簫,15
袖,68
姬,9
笙,13
赴,131
陪,118
偶,30
少,353
案,69
羊,100
脂,17
碾,5
獅,45
玲,14
瓏,14
架,60
匠,49
厚,77
暮,38
醉,177
盒,25
鈞,45
器,248
懷,109
揣,12
庭,22
戴,744
袍,191
繫,81
穗,34
襟,21
拽,143
縛,184
扎,92
嵌,42
線,42
靴,54
伴,126
蹴,1
衝,214
伺,58
候,370
運,41
騰,56
膽,126
鴛,16
鴦,15
拐,7
跪,104
姐,42
遞,91
理,288
膝,24
采,69
承,75
鰾,1
膠,8
粘,4
索,329
寸,41
商,385
冊,16
徽,14
主,756
基,23
朕,23
抬,121
舉,175
功,342
陞,65
遷,292
樞,223
密,348
帥,173
拘,34
賤,70
味,35
稜,5
憑,48
選,111
揀,76
吉,77
任,130
屬,59
衙,200
欠,20
患,59
痊,26
抗,16
拒,39
搪,6
塞,44
系,13
妻,154
母,201
旬,42
焦,102
躁,42
詐,62
累,123
捱,23
躬,20
唱,131
喏,91
昇,20
爺,148
街,182
市,157
賣,330
覷,128
視,85
賊,814
加,104
饒,105
恕,71
歎,37
息,268
讎,87
悶,108
娘,732
抱,84
哭,143
較,81
略,131
守,627
逃,236
恃,7
己,102
彼,76
賢,214
失,258
痛,58
撥,401
須,366
置,121
棗,56
嶽,64
廟,219
願,272
祝,210
牲,9
劉,387
擔,182
挾,20
裝,135
袋,108
拴,138
買,336
煮,31
熟,114
牽,65
槽,20
搭,156
牢,348
粗,29
棄,96
挑,183
趁,70
巳,24
忌,20
訪,29
押,331
飢,20
渴,29
餘,502
憐,82
網,31
厄,11
遮,148
借,112
宵,44
莊,938
週,38
株,27
靠,68
縷,26
屋,167
麥,20
鵝,45
鴨,23
群,55
田,240
園,82
廣,80
負,131
傭,2
眷,58
軒,30
糧,200
犬,34
籍,12
瞞,95
貪,52
巴,25
例,40
房,521
哥,1793
鬚,79
煖,16
帽,21
縫,52
衫,78
皁,52
霜,48
敘,71
營,329
哩,48
廳,406
桌,162
菜,99
蔬,42
肉,364
燙,10
篩,78
勸,199
搬,118
碟,24
寄,67
乞,122
酬,24
騾,6
喂,13
洗,86
睡,194
攪,59
鞍,114
勞,165
昨,92
醫,79
疼,47
撮,46
絮,45
繁,24
歲,99
晌,77
贏,75
扠,2
頗,50
宅,55
爹,34
算,122
拖,128
掄,73
趕,730
搠,123
繳,8
丟,59
凳,48
枉,53
值,63
效,31
裳,87
類,32
強,254
奸,109
欺,77
終,112
搏,5
勾,122
蒙,171
輸,121
胸,105
劣,14
總,135
農,32
嘔,6
財,194
膛,8
求,140
矛,42
弓,267
弩,88
銃,2
鏈,16
撾,12
斧,239
鋮,2
荏,7
苒,7
窗,66
件,247
奧,2
捕,176
緞,83
捨,42
灑,16
淚,73
關,830
役,29
熬,18
演,32
習,29
症,19
治,111
嗚,20
哀,30
哉,50
歿,14
棺,44
槨,12
殮,24
僧,238
拔,126
建,84
超,216
升,40
喪,90
葬,45
孝,72
埋,119
殯,12
墳,24
炎,26
熱,122
床,154
涼,73
透,80
腦,64
獵,56
摽,5
矮,117
丘,61
虧,68
偌,7
闊,84
夥,282
寨,1269
嘍,254
囉,263
匹,264
機,123
陳,328
達,283
楊,938
春,251
劫,167
貫,337
討,290
薅,5
肥,42
造,210
序,14
唣,6
倘,129
梆,10
護,241
械,49
垣,54
束,95
刀,1142
隄,53
防,111
寇,152
氏,179
謀,128
裁,27
棕,3
葉,210
剪,56
髯,51
勝,969
蠡,3
鄴,3
鋼,100
贊,121
健,95
雄,514
麤,28
鹵,30
撒,76
豪,111
傑,89
霸,129
蒲,24
桿,58
瘦,26
誇,31
鋒,584
湖,200
播,20
擄,62
積,36
豐,40
撩,26
兄,1379
懦,9
弱,26
抵,91
敵,378
閉,87
鳥,222
滅,75
鑼,91
擂,106
製,10
抹,69
箭,519
刃,42
竅,12
綽,78
蠢,15
吶,96
衲,22
墩,11
攢,49
該,55
耳,121
朵,43
驟,47
戰,752
拍,117
挺,201
忿,39
嗔,21
坎,8
奪,267
窩,64
舒,21
款,28
扭,58
狼,86
摘,19
揪,72
綁,87
柱,37
猜,49
摸,86
拚,29
附,53
宜,88
遲,158
逼,72
迫,14
擒,169
懇,23
皺,11
眉,96
反,168
恥,31
怯,39
惺,8
寧,276
況,30
乎,5
慷,9
慨,13
偏,179
俠,3
遂,80
澤,16
蒜,8
校,122
零,18
掠,40
串,29
敬,97
疋,55
委,60
賽,43
伯,77
秋,87
湧,10
踉,19
蹌,19
茸,6
突,46
抖,18
拆,54
兼,75
夠,57
屣,2
醒,70
緊,255
查,21
蔭,18
否,33
支,102
晴,23
腔,17
午,53
輪,53
冰,21
桂,6
馨,4
櫳,2
酩,2
酊,2
醺,3
柵,86
朴,226
跨,55
割,104
嶠,1
衢,7
曠,18
烏,130
鴉,18
棲,2
鴻,14
雁,36
友,17
梯,54
股,27
蘆,145
屯,125
荷,26
船,1049
魯,504
轄,122
拳,151
乾,159
賺,85
歷,22
賴,56
誣,3
記,103
畜,29
擋,3
斬,120
段,268
跑,76
什,24
廢,13
靜,99
遺,21
汙,1
題,63
者,430
氈,38
纓,59
抓,20
項,205
紵,7
揸,4
梅,49
絞,17
襯,27
鈸,11
磐,1
翎,23
寂,20
寞,5
荒,21
趲,37
吠,4
嚴,48
促,29
饑,28
渭,14
副,212
泡,8
鸚,6
鷹,16
鼻,29
腮,20
貉,2
鬍,10
魁,32
偉,6
像,24
洒,229
諱,19
挽,32
棍,116
攤,4
膏,24
標,59
夾,66
屁,29
哄,20
兇,46
囊,43
彎,47
潘,80
旆,11
肆,38
斾,1
揚,90
善,104
佳,23
愁,45
腸,20
杏,22
男,111
楚,71
按,138
聒,15
噪,13
港,69
哽,11
咽,30
憤,11
抄,52
吱,2
婦,587
貌,83
鬅,2
鬆,15
枝,143
嬝,9
娜,10
纖,14
幅,12
淡,19
襪,23
蛾,4
蹙,5
汪,5
粉,101
肌,11
憂,93
拭,6
奴,77
鄭,135
媒,20
硬,48
妾,13
契,6
典,13
羞,46
訴,96
觸,13
蓮,31
元,190
屠,45
呸,4
豬,61
腌,21
臢,20
潑,86
才,142
爽,15
賒,8
覓,40
輛,68
柴,535
米,96
扒,14
躲,127
截,94
櫃,20
斤,83
臊,10
帕,30
攏,60
餛,4
飩,4
膘,2
骨,130
剁,47
焰,49
剔,7
鄰,143
腹,93
脯,26
醋,7
缽,7
廉,95
操,22
狗,68
騙,19
歪,20
油,43
醬,4
鹹,2
辣,11
掙,66
眶,2
棱,4
裂,14
帛,74
絳,33
咄,10
磬,6
鐃,4
變,75
屍,135
短,105
係,25
轎,104
格,20
擬,5
申,134
緝,43
察,85
佑,24
仵,8
仰,61
檢,37
址,4
形,76
漏,50
魚,209
躍,62
避,105
擇,30
井,61
軿,1
貨,57
榜,65
頸,7
紛,87
胖,25
矬,2
叟,6
拄,8
髭,29
蕭,170
律,67
挨,61
鑽,91
揮,77
獲,91
或,133
給,82
扯,104
剃,18
佛,102
禪,177
危,42
殊,7
僻,54
念,175
濃,41
粧,11
豔,2
飾,13
丰,2
韻,12
釵,21
櫻,7
暈,18
筍,4
盈,11
嬌,44
掃,44
婭,26
嬛,34
鮓,2
箸,26
嗄,1
盪,20
表,158
幸,134
敝,32
攜,22
悵,9
某,144
菩,8
薩,7
檀,49
費,79
愿,1
嵯,4
峨,7
彷,1
彿,1
崒,3
嵂,4
河,171
浸,16
鈴,82
峙,3
訊,16
易,66
剎,19
浼,9
窟,12
廚,57
泓,1
寮,5
嚮,1
斑,18
啣,4
塔,27
邀,70
椅,64
維,21
瀆,11
簿,15
艱,7
錄,35
慈,24
悲,35
輝,30
醜,32
咒,20
剛,75
駁,3
雜,95
凡,65
吾,141
勿,68
帳,188
袈,5
裟,5
具,54
錠,49
㨄,1
揲,1
忍,64
偈,17
價,61
填,31
摩,17
皈,2
盜,86
淫,44
冒,34
規,11
裸,9
團,214
甜,12
尿,14
屎,12
冬,44
皂,53
裰,28
懶,11
餓,22
癟,1
鏇,12
虞,134
罰,18
匾,17
襠,4
蹲,10
舀,23
壞,101
褪,2
搧,3
膀,18
蓬,24
催,112
判,44
蓖,4
噇,5
爛,36
瞎,7
庫,78
局,26
示,51
槅,8
禿,46
驢,49
齁,12
徒,136
貓,10
冤,75
篇,27
剖,13
麫,2
麴,1
醇,2
酎,1
波,56
酣,20
翁,14
糯,1
顛,57
傾,57
涓,8
嘗,26
狂,62
酕,1
醄,1
謬,7
邦,26
嘲,7
暴,30
踱,3
噹,6
戧,10
慘,18
瀨,5
據,35
帚,6
桑,10
籬,25
笆,13
棘,6
荊,61
瓮,19
榨,1
帘,8
游,44
鍋,21
蘸,17
滑,9
剩,24
嚇,61
瞪,9
困,80
掿,19
剌,14
坍,3
替,153
撧,2
蔥,4
震,50
塑,17
迴,29
囫,4
圇,4
捻,8
喉,24
嚨,5
咯,8
臭,10
咇,3
剝,52
軀,39
凌,135
豺,7
拱,21
穢,10
污,37
賷,6
贈,16
砍,196
逆,51
讒,18
銷,43
逢,56
漫,42
悅,13
鞘,21
莽,16
蟒,14
鷺,6
鶿,1
絣,22
蜘,5
蛛,5
飱,2
沉,52
槐,23
雀,27
圈,41
釣,12
舟,23
犢,13
麗,20
倚,55
葷,10
腥,8
謙,47
窺,11
婚,11
嫁,27
倫,91
癡,13
贅,11
婿,30
娶,20
眨,3
捋,4
斟,32
熒,14
煌,18
溫,44
捏,37
曜,23
茜,7
楓,5
肝,38
晃,52
絹,38
扮,187
絨,26
卷,54
窄,22
屏,38
凶,57
壓,50
脖,15
婆,694
韁,8
繩,38
㯆,1
馱,12
隊,359
撚,136
恙,7
鴈,31
饅,19
祀,19
椎,6
隘,45
慳,5
吝,5
綑,18
核,5
攛,45
碌,8
瓜,30
蒂,3
凱,20
皿,10
鐸,4
罐,16
仔,39
苔,2
蘚,1
迦,1
芽,8
巢,39
欹,1
殃,8
燕,669
糞,14
灶,33
粥,17
粒,2
毀,27
崔,47
佔,48
踅,61
粟,4
杓,5
灰,15
揩,5
籃,22
恓,3
悄,99
饌,41
刷,14
墨,24
乏,12
狽,5
欄,46
杆,15
虯,3
砂,13
唾,14
晦,12
餅,38
協,38
助,234
笠,51
戀,43
掉,5
肢,10
柯,40
夢,133
尸,8
湊,16
幙,8
醨,1
滌,2
罏,1
卓,13
究,163
簑,2
漁,75
岔,5
艷,9
秦,340
妓,15
盧,750
喧,35
嘩,6
聳,8
梵,2
烈,51
磚,22
巍,8
旛,36
鑪,1
繚,6
劄,15
刻,86
帖,41
暫,47
拏,36
廨,15
種,34
廁,3
末,14
萍,4
誘,36
窖,11
筋,33
鑰,11
圃,9
嘻,21
鼠,26
占,32
蛆,2
攙,13
葫,26
鈔,7
鬨,35
哇,2
矣,81
沽,13
颼,26
缺,30
磕,22
川,71
頷,5
材,69
紀,50
拙,16
筒,8
胛,9
扳,7
螟,1
蛉,1
叔,367
垢,1
庚,11
瞅,10
嫂,295
鬱,27
怏,7
閑,35
減,18
樊,112
巷,61
策,166
朋,8
盃,34
希,9
挖,5
腕,24
冗,1
翫,13
談,25
蒸,15
閨,3
憔,2
悴,2
歹,56
縊,12
癢,10
寢,15
閱,2
沼,1
獄,50
昭,63
闕,27
辱,51
檐,8
輒,4
雕,73
啖,7
羔,4
滄,61
滕,16
勘,8
緋,12
綬,5
僚,23
制,126
謹,71
級,161
祗,10
訟,5
衡,2
毆,14
鏡,18
郡,114
儀,32
枷,124
杻,4
孔,223
鯁,2
批,14
剮,24
礙,22
頰,15
釘,50
薛,154
存,92
亡,98
贍,13
耽,18
瞑,7
永,94
臟,8
殘,91
苑,22
芍,1
甦,8
揖,15
諾,5
兜,46
徙,1
暑,29
瘡,42
咭,1
咶,3
喃,20
爨,2
炊,27
睹,9
涯,7
蟬,7
糴,5
沸,17
哎,9
縮,5
腫,7
嫌,27
燎,9
淋,17
漓,11
俄,8
枯,34
蔓,3
喬,225
惟,53
期,91
仇,54
旅,5
箇,792
懮,11
葵,5
榴,5
猗,2
薰,4
酷,9
泠,8
貯,10
醪,13
磁,3
醞,7
壚,2
麵,30
徹,11
迢,3
畏,7
岸,255
伶,14
描,13
佩,10
貂,3
德,201
券,11
資,30
坦,12
陵,47
卉,1
甍,2
棟,6
勳,12
嘶,19
熳,1
鵰,17
鶻,3
圞,1
禽,14
脣,23
迓,7
巡,60
忒,22
忖,25
鰍,21
窠,3
竄,37
銳,26
臁,1
甘,22
驕,6
傲,5
咬,40
嚼,6
瀝,6
拷,14
賄,22
賂,23
勤,13
玷,6
補,19
恭,148
迅,10
速,79
綿,27
卒,98
講,49
舖,11
梭,4
暇,10
尷,6
尬,6
訥,8
棠,6
噎,2
跌,46
漱,19
耗,16
挪,6
彤,8
朔,12
凜,47
凝,10
臾,26
頃,28
坤,20
崑,5
侖,1
仿,12
倉,41
廒,14
匙,9
燄,26
振,136
庇,6
仍,67
撏,3
栳,8
茨,3
室,32
瘴,1
詠,5
濕,17
爆,3
訝,14
蝶,5
駒,17
芻,3
逐,28
擱,19
剜,13
圖,67
朽,2
烘,21
煨,1
囤,1
攩,2
坑,52
椰,4
瓢,27
艦,5
艨,3
艟,4
滸,20
蹇,8
沿,37
邑,2
俟,10
搜,63
蹉,2
跎,2
焉,15
泊,626
紮,126
杜,171
緘,7
盼,4
襲,11
託,20
袞,113
箔,2
麟,130
猖,15
獗,8
征,171
僵,3
縞,2
霑,4
戎,31
幕,11
貔,8
裨,1
勇,242
寥,1
廓,4
枕,26
杈,3
枒,4
膩,5
鉛,4
靿,2
宏,3
旱,44
驀,15
硯,11
譽,5
梗,2
沂,31
羓,1
煎,14
寰,10
餚,24
鵲,14
葦,70
灘,89
濠,25
骸,19
骷,1
髏,1
卵,7
炮,128
伍,35
續,37
嫉,11
妒,11
侯,108
寡,88
諂,7
植,6
抑,8
乖,21
云,19
島,19
漣,2
榮,459
曹,107
朗,45
捍,1
翦,2
甫,30
踴,13
褲,5
涌,42
綱,47
倩,2
糾,10
秤,10
勒,127
陋,8
瘩,9
樁,14
魍,4
魎,4
滲,6
螺,4
拗,14
豆,9
腐,7
垛,6
霍,12
顙,5
隅,7
繃,7
鐐,1
閻,106
充,136
科,27
贖,17
蔡,317
慇,9
懃,8
臻,4
練,70
統,330
狠,12
凈,1
肅,18
麾,18
剿,24
荳,1
扣,13
慮,27
慣,63
彀,6
鶚,2
揄,1
鞦,1
霎,15
鞽,5
弦,29
鐙,28
芳,13
撤,1
勃,2
儘,11
嬰,1
洋,11
鹽,6
優,11
傘,30
撐,39
褐,10
顆,40
鎧,58
鍍,4
柄,16
麒,27
梨,87
掗,1
鑌,12
榆,17
靶,7
鬃,9
胭,9
堤,5
壽,94
旂,1
蔽,15
毘,5
袁,29
彪,178
胳,3
卸,21
夏,25
蕤,1
栽,7
艾,2
蝦,5
菖,1
黍,2
美,112
姿,6
握,17
激,21
貝,30
鄆,171
彬,4
惻,2
撫,168
仝,275
誅,32
膂,13
翅,59
碓,1
台,9
勦,58
採,10
籌,45
晁,511
魆,2
辯,13
甥,11
祠,18
贓,30
卯,20
販,27
蹺,22
蹊,22
潞,24
曙,1
傅,5
剗,1
悟,14
鑾,14
吳,944
韜,21
授,81
劃,6
偕,2
爾,22
蛙,4
阮,361
蹈,5
柘,1
篁,1
纜,18
晒,4
瞘,1
肋,26
鯉,9
樺,5
疙,2
疸,1
箬,9
划,14
埠,6
蚖,1
艙,43
楫,4
檻,9
糕,14
猴,13
狹,17
撣,7
紬,11
笞,2
糊,5
挈,19
堅,146
奢,15
搔,3
鱉,15
殼,5
哈,20
稽,10
薊,110
薇,1
窮,27
匆,2
塢,2
誥,24
奶,14
彆,7
藻,1
簟,3
萊,16
藕,5
稍,15
均,12
勻,7
噓,1
融,4
竭,15
囂,1
甑,1
坼,1
灼,337
磣,1
蜀,7
慪,4
棧,1
芥,4
禾,4
稻,3
潤,106
涎,6
蜂,10
蠆,1
炒,1
咱,7
欓,5
觔,5
鄧,126
赳,2
爍,8
卞,45
孟,76
乳,5
蟠,2
洽,1
愈,11
閘,9
濤,83
稿,1
鍠,1
斛,4
誹,3
胞,4
涉,16
掯,3
摺,7
蠶,4
皎,7
純,7
穀,24
厭,8
餌,6
賙,2
讚,20
杰,35
惶,16
泄,10
鞁,1
葡,3
萄,3
障,10
爵,47
固,92
鸇,1
咫,6
旺,80
鍊,4
唿,8
哨,139
鐮,36
挫,8
茫,21
汊,13
棹,27
洼,39
苗,7
虐,8
楸,1
櫓,33
槳,2
溝,5
粽,3
崙,2
祭,68
窿,3
駭,9
睦,69
嫡,18
芙,11
蓉,11
濁,5
儒,4
柔,6
褊,1
苟,8
綸,7
測,7
克,49
適,34
槍,85
肱,8
誼,2
潸,7
嗟,30
灣,7
矢,33
蝗,5
篾,5
撓,44
枇,1
杷,1
柿,3
矜,1
庸,5
聯,6
簸,5
箕,7
栲,7
綵,25
浩,21
募,6
悍,13
禦,24
族,15
津,18
賸,1
綾,10
質,8
娉,1
婷,1
湘,3
酥,19
肪,1
齡,1
唇,7
娼,8
篦,5
褶,2
虔,26
訓,14
勉,10
椽,1
幔,5
錫,38
杌,9
仕,3
瞧,18
戌,3
注,15
嘈,4
慧,5
糟,3
醃,5
努,8
丐,11
抽,11
偎,2
譙,2
砧,5
虹,5
睃,17
娛,8
篋,3
袒,2
嚯,1
攝,10
燥,6
蠅,6
熔,1
仃,5
渺,5
涇,10
票,2
詫,1
憎,1
薑,3
償,12
朦,13
朧,13
唆,10
忤,7
畝,4
預,34
窨,8
縲,8
紲,1
犒,23
趨,5
產,17
芰,1
梧,3
桐,15
蛩,2
諳,2
滋,12
癩,3
租,1
僮,1
慰,28
豁,7
趄,1
瘧,3
鍁,6
跐,3
貅,5
箱,29
針,18
鍾,16
墮,10
醲,1
寅,9
酉,6
亥,1
唬,7
詭,14
撻,3
季,10
胯,15
錘,8
霾,1
彌,4
穹,3
麋,4
猩,15
奄,1
橛,3
拼,1
痴,4
侶,3
亞,4
穰,6
甬,1
僥,2
倖,6
賃,8
諢,4
賠,10
奩,1
裊,4
鶯,12
慵,1
嬈,10
窈,2
窕,2
嬸,7
掬,4
援,17
悌,1
饊,1
羹,7
瞥,1
沾,6
巫,2
鬟,4
嚲,3
慾,5
呷,10
噙,1
霆,6
混,101
沌,7
幌,1
捎,11
樸,2
漒,1
螻,3
蟻,12
俐,7
祇,3
偽,62
刁,10
濫,24
雌,12
徐,255
戊,9
糖,7
舐,3
賈,18
隋,2
鰥,1
尼,2
摟,12
姑,19
織,9
嫦,1
娥,4
釐,2
藍,14
咳,12
嗽,14
歧,3
澆,12
橘,1
佈,11
閏,14
殷,29
獎,7
犀,6
蹻,1
嗥,1
孜,2
盟,16
旖,3
旎,3
揉,2
搓,1
脈,7
牡,3
姻,10
昧,23
益,24
績,17
緒,2
猢,7
猻,7
啜,1
鴆,6
稃,3
䐛,2
撰,5
詎,2
蠟,4
摻,1
妝,12
孚,4
舵,7
砒,7
諧,10
萌,6
綢,2
繆,1
胃,5
肺,1
腑,1
淤,1
梳,10
泣,13
絆,24
殖,10
欣,14
蠍,6
潵,2
繒,3
恍,8
惚,3
卜,15
蟹,2
奠,14
債,7
瘀,1
詳,13
姚,14
銘,7
后,4
摳,1
淥,20
摜,1
捽,6
互,12
攻,224
增,7
黎,42
龔,83
審,7
羈,5
藁,2
諭,33
谿,2
鐶,6
搽,10
敞,4
鈕,34
轆,3
軸,5
坌,3
釧,7
餡,5
咂,1
蠻,65
酵,1
箍,10
憶,6
逡,2
絡,14
鯗,1
捆,10
函,1
撕,3
祿,17
僕,32
憋,2
惰,2
擲,28
丸,4
蔣,98
衷,17
謅,3
兌,5
哪,3
吒,18
籮,13
乍,6
樽,8
澀,4
偃,14
荼,2
壘,4
佯,12
缸,10
魫,1
淘,9
浦,27
倍,8
淅,4
菡,2
萏,2
蘭,32
萼,3
綺,4
嬋,3
娟,3
鍼,2
竊,7
婢,15
售,1
康,70
俵,21
伙,51
擠,10
濺,7
蜈,4
蚣,4
幃,3
閂,2
擗,4
疔,2
栓,5
鬞,1
髽,2
啞,17
夷,16
扁,10
,,
塹,13
涸,2
媳,3
戳,40
妳,1
撈,7
匿,13
蔑,1
攘,10
燦,25
斕,3
噉,2
錚,9
斫,6
蓄,1
詰,6
嶮,3
甌,1
驃,16
帆,6
遶,15
凍,10
疤,5
屢,10
焙,4
榻,7
謁,3
浣,2
闌,1
珊,4
殫,1
鋏,1
狸,3
稠,10
冽,17
崢,3
嶸,3
浙,11
脆,1
懊,4
臘,179
顰,2
驪,4
涕,3
髓,9
餞,17
坷,1
鰲,17
棚,23
緩,13
球,5
闐,1
鮑,83
侮,3
敷,17
慕,49
妃,8
暢,7
礫,5
卦,57
獬,7
豸,5
毫,47
渰,11
卑,5
鈿,1
颺,1
丙,8
馮,16
狻,20
猊,24
曳,3
潭,8
督,74
捶,2
滯,10
嘹,6
鵠,5
姪,32
刎,10
愴,3
潯,37
暄,4
祟,2
酆,48
廬,32
艄,34
蜃,10
諠,2
譁,5
搦,39
跤,1
洛,5
拋,17
于,21
堵,5
滔,81
捵,6
咿,10
鬮,17
艎,7
穆,165
鯨,3
憫,10
弘,113
篷,4
逵,1121
恣,3
煤,3
岩,2
革,8
踼,1
嬲,1
琵,13
琶,13
汀,3
鷗,4
璧,4
湓,1
篙,24
髾,4
梟,10
擢,5
蹬,10
膚,8
屑,5
汶,5
臍,1
斯,3
鱠,1
捺,2
噀,2
擦,12
瀉,5
隍,7
牖,1
蘋,2
榔,1
驄,4
沈,34
謾,7
吁,2
炳,103
諛,4
謠,7
涅,2
槃,2
享,24
晾,1
熝,2
鐫,11
刊,3
丞,63
僭,4
叛,17
黨,11
祛,1
劊,16
氛,2
氳,2
嚥,1
纛,8
吵,3
訖,21
狴,2
犴,11
渠,7
褌,6
禹,6
括,3
絏,7
捷,61
燁,5
掐,2
鵓,3
鴿,3
廖,14
沓,1
儹,6
匝,4
漲,5
廈,2
灸,3
刳,1
桓,8
歐,118
鵬,115
陶,19
喻,2
警,5
頹,1
幞,10
蝙,1
蝠,2
瞇,2
朒,4
螄,1
瓣,1
閬,2
詢,8
茂,10
夭,3
櫺,8
冉,12
慄,2
俯,20
庶,12
笏,1
圭,3
綃,6
璋,1
馥,3
郁,48
醍,1
醐,1
兢,6
輔,9
懈,3
脾,1
簽,4
泗,13
筦,1
螳,1
螂,1
拌,4
糝,1
築,16
魏,78
彰,10
襄,32
舡,3
裴,74
兆,12
繇,10
儻,1
稚,2
淒,5
奚,17
靛,2
衛,45
甕,10
鬒,2
隆,122
瑩,2
膿,3
翹,3
嬭,14
湫,2
搊,2
鏟,3
麝,2
栴,1
罕,12
闍,35
譬,1
趣,2
評,9
鈑,1
杵,13
秉,14
懺,12
銛,1
槌,2
嚫,2
熾,8
航,3
伽,1
緇,1
輩,25
彘,1
謗,6
傖,1
遵,42
齣,1
囀,5
蛀,1
狨,1
惠,8
蜜,2
蠲,1
妮,2
孕,6
賬,2
糜,2
鞫,1
騷,5
潔,3
菴,8
墓,11
諍,2
鐲,3
蚤,10
榛,1
炕,4
廠,17
駟,1
佃,1
耶,45
鷂,1
淬,2
麑,1
扈,87
欒,25
箋,4
轡,11
咨,2
臧,1
疵,2
魘,2
鈍,2
衰,3
駐,59
蒺,6
藜,6
砲,127
阜,14
伐,21
叱,7
喑,1
騣,11
驍,24
猱,1
鎲,2
侄,12
錤,1
鏽,2
蝎,10
姆,7
寓,9
鄒,109
淵,59
瘤,1
聾,3
扼,2
翼,26
騅,18
鞲,1
率,28
頌,3
昌,30
馭,1
邁,4
蘊,1
藉,1
範,3
豫,5
蕙,3
蹁,1
躚,1
釅,1
盂,1
宦,2
膈,1
膨,1
脹,1
慟,4
繼,7
饗,1
孛,9
厲,34
珂,1
返,7
秘,8
訣,18
獠,1
踞,5
唳,2
酡,1
姥,1
翔,25
遁,13
氅,6
瞳,5
腎,3
矁,1
頤,1
蓆,1
戮,11
鉗,1
區,4
壕,2
鼉,9
鞓,5
韉,3
鳧,1
舄,2
蕋,1
笈,2
硫,10
硝,10
箒,1
藺,3
猾,4
漉,2
邏,3
悽,3
粱,3
裔,3
韓,133
槊,5
穎,8
彭,77
玘,70
迄,1
紡,1
雉,15
捐,3
轟,30
嫻,1
獺,3
荔,3
螞,4
煥,34
愷,15
瑚,3
凋,2
肭,7
翥,12
鎌,1
沮,1
颭,5
塍,1
霓,1
宙,1
蚊,2
濛,4
鉞,28
旄,8
茆,2
盹,2
導,9
褥,5
貢,2
璣,2
雅,8
禱,15
沛,2
碭,9
兗,4
鼙,5
邳,1
搴,1
躂,1
涿,4
涂,20
悒,4
踐,7
考,3
妣,1
毋,7
縐,2
髼,1
繽,2
堞,1
崇,5
炯,11
技,4
丑,2
慎,8
巽,4
沁,15
磊,1
伊,4
揎,5
羨,5
綴,5
詣,5
鄙,6
褸,1
訛,2
墊,1
鸂,2
鷘,1
緻,1
鵔,1
艤,1
躡,2
閤,6
詿,1
潦,1
勁,5
徇,2
殄,2
咸,4
峪,39
庾,8
鷥,2
幟,9
烜,1
赫,5
馘,1
腋,1
疥,1
漠,9
鼕,5
濯,2
葭,2
鍪,6
鈒,1
辜,8
纍,1
幣,8
郝,79
鐺,3
勛,5
夤,1
蹜,1
騮,6
誑,4
颯,8
疲,6
鏊,1
癰,1
疽,1
菉,1
艖,1
醡,1
肘,4
診,3
劑,4
糶,1
嬉,3
轇,1
轕,1
簍,1
亙,2
擻,7
翡,7
傀,1
儡,1
寵,5
覽,5
璽,1
珪,84
庖,1
旭,81
鈚,3
課,9
篤,1
恬,2
恤,13
蚱,1
蜢,1
眇,1
靚,1
伎,2
倆,1
鳩,1
鎪,1
鏜,1
輾,2
驥,9
拯,1
憊,1
鄂,1
騄,1
駬,1
渥,1
蕃,1
騧,1
驤,1
騋,1
騉,1
溺,4
竇,1
瀣,1
翩,6
迥,2
蝌,2
蚪,3
譯,1
唯,7
謄,2
闔,4
佐,155
嵇,1
頒,10
檄,2
域,1
歃,1
菊,5
觥,3
箏,2
虜,11
逶,1
嵬,1
輻,2
楯,2
暉,1
睿,2
籤,3
翳,2
婉,1
楠,2
媽,23
儔,2
簧,1
糙,1
撅,3
霽,7
幰,1
縹,1
緲,1
夙,3
焠,2
剋,25
狄,10
黏,2
嚷,7
韶,6
岱,4
扉,3
旒,1
冕,1
舜,2
堯,6
赭,8
蒿,2
諦,2
署,16
蝴,1
廡,3
脅,18
杉,4
襆,2
襴,6
遼,230
么,4
憚,1
榍,1
疆,6
戾,1
齠,1
齔,1
茲,6
戩,44
睢,4
彝,8
洳,3
嵩,5
誨,3
恢,12
騁,1
麈,6
鵡,1
琛,3
壬,5
癸,5
擐,2
艮,12
介,12
冑,3
鏃,12
創,3
玎,3
璫,4
詧,1
錕,5
鋙,5
髪,2
琳,11
琅,3
躆,2
瓠,1
嶂,3
掾,1
隴,1
琊,1
党,17
藎,1
弊,8
蒹,1
檣,1
鏖,13
溼,4
綍,2
瑾,15
耆,3
恆,1
閭,2
螭,2
絃,1
綜,1
駛,1
楞,1
譎,2
療,17
鍛,1
楮,3
鯤,5
尤,1
餽,1
姊,11
珮,1
芬,2
鑑,2
髫,1
裕,2
俾,1
辟,1
佇,1
痍,1
雇,1
几,3
遐,1
邇,3
倏,1
覲,11
醴,2
挹,1
醢,3
噦,2
閶,2
斝,1
瑛,1
飣,1
灩,3
俎,1
簋,1
儼,4
蕝,1
蛤,1
邋,2
遢,2
劇,2
瑟,4
雍,1
熙,1
淳,2
貽,1
矯,1
厝,1
跋,4
掂,3
凰,1
犁,1
霖,7
循,11
羯,2
笳,3
縵,1
褚,31
裘,1
劬,2
饋,4
溽,2
翛,2
嵲,1
琪,21
爇,1
寐,6
胥,2
玅,1
孺,1
亢,4
氐,2
俞,1
奎,7
婁,24
昴,2
觜,2
卡,1
軫,3
蚓,1
魑,1
駱,1
稼,1
祲,1
予,1
鏑,2
苻,1
篢,1
粲,1
弁,2
璇,1
轅,4
弼,1
僇,1
斌,86
殞,1
欞,2
鏘,2
瑕,2
蕞,1
氓,1
惸,1
藩,1
塤,1
篪,1
蹟,2
澶,1
愕,4
燃,4
稔,1
咦,2
逸,5
崗,1
伾,2
濬,4
蝸,2
曬,4
榾,1
柮,1
忱,1
蜮,1
眺,5
頡,1
嘖,4
汾,22
鏤,2
鞠,1
瘁,1
餉,5
僱,1
濱,3
弈,3
炬,7
犄,2
亨,7
迺,4
遜,3
轒,1
轀,3
吻,1
觴,2
闖,5
逗,1
遛,1
拎,3
啐,1
祁,1
儆,2
俘,5
嵐,1
麓,10
竺,10
勵,1
秣,1
鏗,2
埜,19
瑣,1
遽,1
确,1
陝,15
崆,1
峒,1
幻,7
艴,1
澍,1
貸,1
蠹,1
孥,1
禎,3
聶,9
倪,21
隙,2
瀰,5
窘,4
述,7
闢,1
蛻,1
雹,4
鬣,2
洩,3
瓘,31
怙,1
悛,1
孑,1
靡,2
逭,1
怛,2
罹,2
糲,1
瞭,1
厘,2
劾,2
訕,2
鄔,70
邠,2
貞,9
伉,1
儷,1
貲,2
育,2
嚙,1
赧,2
鴟,4
鈀,1
覿,1
惆,2
鉺,1
龐,47
褫,2
儐,4
脩,1
唧,2
噥,2
繹,2
昕,4
琰,2
翊,6
筏,3
薪,4
屐,1
洶,4
潢,1
汨,2
榱,1
檯,1
圮,1
壅,1
僅,1
湮,1
賑,5
綏,1
鞮,6
剷,1
嬪,4
捫,1
廩,2
譚,17
郢,1
攸,14
亳,1
褒,3
黼,1
弛,1
纘,1
紹,1
勷,1
祚,3
逾,1
芟,1
陲,1
貳,2
砉,17
擸,1
詈,1
榭,1
貰,1
毓,1
咤,1
憨,1
獃,4
蟆,1
迍,1
邅,1
褻,1
輅,1
爻,1
蹼,1
撬,2
酗,1
軌,2
搥,2
邙,5
吆,4
蜻,1
蜓,1
澣,1
汲,1
澡,1
杲,1
芸,1
歉,1
廄,2
姨,1
堡,6
耕,1
骰,2
狡,3
炙,2
馴,1
臼,1
檔,1
橐,1
煿,1
聘,2
概,2
巹,1
訐,1
鄖,1
餒,2
敏,25
汜,1
翟,5
鑠,1
蜩,1
岑,3
喆,1
擘,1
莖,3
紆,1
沃,1
潰,4
怡,1
距,1
控,1
泌,1
縻,44
貹,43
矸,3
贇,7
偵,4
輜,1
鞏,3
慴,4
疇,12
溶,8
艇,3
懹,13
壆,8
勥,7
戣,8
戡,6
韃,2
豂,1
谾,1
邃,1
巔,2
筠,1
斃,1
圯,1
憺,4
棉,1
濡,1
攖,1
孽,1
恪,1
侔,1
厥,1
摋,1
癒,1
遏,1
燔,1
姒,1
氤,1
筅,7
盾,1
拉,1
縈,1
俸,2
鑲,2
瞿,1
澦,1
岷,1
版,1
悼,4
嚦,1
渚,2
殆,1
駢,1
戕,1
贐,1
昆,2
喨,1
柩,7
嫗,1
玠,1
朮,4
亟,1
鬄,1
歙,34
勔,1
徵,1
婺,4
杭,49
壩,2
毅,12
潼,3
洲,8
鋩,1
璞,1
錎,1
舷,1
黥,1
錨,1
竪,2
刱,1
邢,8
抃,6
殉,1
甄,5
烽,1
鎔,1
澹,1
滂,2
沱,2
蟾,2
瀾,1
嗎,1
腆,1
遴,1
檇,1
暨,3
勣,7
儉,9
迪,4
彧,3
夔,3
皋,6
荐,2
涵,1
瀲,1
瓔,1
珞,1
篠,1
墦,1
昱,15
欈,1
僉,4
懲,1
闡,1
蒒,1
邵,5
垕,8
逍,1
倡,2
韞,1
舋,1
訢,2
侈,1
龕,4
癱,3
痧,1
豨,1
暹,1
悚,1
并,1
奕,1
徭,1
俳,1
陂,1
逝,1
塋,3
摑,1
塚,2
餬,1
坵,1
磯,1
鶺,1
鴒,1
憾,1
桅,1
壤,1
