第,252
一,7971
回,1263
靈,404
根,317
育,21
孕,8
源,35
流,271
出,2291
心,1469
性,468
修,232
持,203
大,4227
道,11080
生,1278
二,1244
悟,715
徹,38
菩,800
提,111
真,1089
妙,136
理,240
斷,189
魔,873
歸,260
本,580
合,352
元,216
神,1187
三,3355
四,1026
海,500
千,675
山,2057
皆,243
拱,63
伏,263
九,376
幽,99
十,1281
類,73
盡,454
除,118
名,629
官,744
封,86
弼,55
馬,1140
何,1440
足,158
注,20
齊,525
天,2640
意,512
未,384
寧,52
五,754
亂,370
蟠,68
桃,183
聖,1730
偷,208
丹,244
反,113
宮,616
諸,168
捉,234
怪,1554
六,436
觀,554
音,324
赴,103
會,680
問,932
原,621
因,485
小,1587
施,238
威,170
降,432
七,381
八,2266
卦,30
爐,98
中,1716
逃,103
行,5628
下,2976
定,524
猿,101
我,7225
佛,766
造,182
經,941
傳,361
極,105
樂,157
奉,292
旨,317
上,3723
長,1393
安,487
陳,152
光,754
蕊,78
任,79
逢,121
災,116
江,159
僧,2857
復,181
讎,2
報,443
老,3416
龍,863
王,2710
拙,31
計,219
犯,60
條,330
魏,52
丞,93
相,888
遺,23
書,189
託,31
冥,41
吏,18
遊,120
地,1027
府,279
太,717
宗,197
還,1217
魂,171
進,794
瓜,56
果,889
劉,77
全,233
續,8
配,65
唐,1434
秉,37
誠,138
顯,151
化,564
金,1374
蟬,28
陷,30
虎,351
穴,33
星,499
解,491
厄,13
雙,242
叉,151
嶺,129
伯,74
欽,110
留,275
正,1291
賊,224
無,1762
蹤,66
蛇,80
盤,234
暗,336
佑,14
鷹,56
愁,79
澗,149
收,550
韁,34
院,165
謀,38
寶,857
貝,290
黑,222
風,1045
竊,13
袈,155
裟,156
孫,1362
者,4985
鬧,146
世,265
熊,28
羆,6
脫,318
難,710
高,779
莊,161
雲,1000
棧,7
洞,817
空,1066
戒,1869
浮,67
屠,16
玄,182
奘,92
受,334
黃,372
有,4484
半,495
爭,165
先,516
護,249
法,751
設,138
須,329
彌,62
吉,68
戰,504
沙,1108
河,296
木,292
淨,262
藏,1603
不,8877
忘,70
試,65
禪,178
萬,691
壽,215
仙,909
故,368
友,50
人,3383
參,131
鎮,69
趕,379
取,842
島,22
求,325
方,1097
甘,52
泉,90
活,207
樹,332
屍,70
戲,48
恨,133
逐,48
美,161
猴,656
花,727
群,171
妖,2324
聚,68
義,47
松,196
林,249
來,5995
國,949
土,539
承,83
恩,268
轉,476
邪,201
侵,29
憶,14
豬,339
激,27
智,50
平,233
頂,239
功,332
曹,71
信,194
蓮,111
母,327
外,686
迷,61
助,134
巧,81
算,94
困,70
騰,148
挪,5
騙,52
欺,121
獲,44
處,1202
緣,128
劈,104
破,241
旁,34
門,1802
見,3425
月,400
明,710
鬼,291
夜,399
謁,14
引,225
嬰,24
兒,1990
知,1359
假,303
粒,35
得,3845
年,801
主,513
間,739
刀,290
圭,3
遭,142
火,819
敗,171
被,632
擒,131
慇,19
勤,13
拜,789
南,424
慈,128
善,356
縛,52
紅,339
孩,131
孽,97
去,3701
西,901
洋,51
子,2984
鼉,30
身,1642
運,67
車,75
力,431
度,117
脊,26
關,291
清,353
遲,118
弄,368
強,207
滅,116
阻,68
通,437
水,1116
垂,95
救,579
童,261
寒,146
飄,148
雪,103
思,181
履,40
層,168
冰,76
沉,115
宅,41
現,260
魚,126
籃,23
情,362
從,381
愛,149
慾,24
昏,145
動,489
遇,227
頭,2144
用,543
般,566
煉,110
兜,78
如,1804
示,36
公,647
吞,60
餐,51
懷,104
婆,220
胎,95
女,689
煙,191
色,338
淫,17
壞,84
狂,93
誅,21
草,267
寇,69
昧,25
放,782
落,363
伽,65
訴,39
苦,341
簾,100
謄,5
文,399
攪,70
乾,211
坤,56
體,155
寂,61
路,1060
焰,95
調,98
芭,68
蕉,64
扇,233
牛,275
罷,752
華,180
筵,69
滌,13
垢,28
洗,112
惟,69
掃,106
塔,139
乃,581
蕩,128
荊,39
棘,30
能,624
努,41
庵,30
談,77
詩,190
雷,270
眾,1185
毒,98
手,1366
勒,71
拯,17
駝,26
羅,315
穩,73
離,218
穢,20
污,39
朱,70
紫,136
論,117
前,1840
為,966
折,92
肱,4
藥,189
物,503
君,457
盜,64
鈴,96
犼,5
象,94
絲,109
濯,12
形,121
舊,152
幸,157
庚,18
狠,80
變,927
鑽,209
透,65
陰,284
陽,220
竅,32
居,104
舍,131
同,563
比,221
丘,60
憐,117
遣,43
殿,494
識,188
德,132
尋,548
當,793
朝,569
姹,8
偶,28
寺,328
師,2624
圓,78
覺,217
成,496
然,874
妒,9
征,23
鳳,163
郡,77
冒,53
致,79
旱,16
勸,69
霖,4
到,1449
玉,588
授,41
獅,139
精,1035
虛,171
釘,172
鈀,323
宴,128
豹,60
纏,107
靜,124
燈,242
英,90
供,148
狀,70
青,278
挾,19
犀,36
給,28
孤,105
園,148
古,226
竺,44
御,222
喜,689
兔,63
員,111
待,355
貪,52
富,39
貴,66
酬,42
熟,120
馴,8
殼,15
滿,444
數,286
完,65
剗,2
百,535
徑,517
東,644
曰,228
混,72
沌,17
分,762
茫,30
渺,41
自,978
鴻,12
濛,17
開,904
闢,18
茲,6
濁,14
辨,76
覆,33
載,48
仰,46
至,767
仁,30
發,340
欲,205
看,2042
釋,35
蓋,166
聞,862
之,2540
歲,186
將,1917
丑,7
寅,14
卯,17
辰,106
巳,16
午,44
申,20
酉,10
戌,5
亥,8
支,42
也,2936
每,90
該,177
且,847
就,2094
日,1376
而,573
時,1623
氣,609
則,162
雞,86
鳴,85
食,159
後,818
挨,49
排,241
蹉,4
晡,2
入,606
譬,2
於,318
若,936
終,65
曚,1
否,40
矣,149
再,545
交,154
初,94
兩,1299
俱,324
又,2495
貞,21
起,1080
近,398
漸,111
邵,1
康,14
節,131
冬,37
改,64
移,50
此,2085
始,55
輕,247
謂,50
堅,42
實,332
易,71
哉,86
資,12
順,104
凝,33
結,181
重,258
石,413
曆,2
升,28
爽,25
獸,112
禽,64
才,859
位,317
感,119
皇,232
治,104
帝,373
倫,11
界,267
遂,265
部,158
洲,98
勝,270
賀,56
贍,31
北,121
蘆,107
這,3803
單,35
表,104
傲,28
座,284
喚,306
祖,262
脈,38
立,298
判,67
個,5701
好,1887
詞,36
賦,4
證,103
勢,108
汪,34
瑤,65
潮,22
湧,29
銀,207
波,168
翻,193
浪,102
蜃,6
淵,17
隅,5
積,67
聳,29
崇,4
巔,20
崖,181
削,37
壁,170
奇,93
峰,109
彩,183
麒,16
麟,17
獨,83
臥,31
聽,989
錦,191
窟,41
鹿,102
狐,57
鶴,71
謝,462
翠,134
柏,46
春,147
常,265
竹,122
壑,27
籐,12
蘿,29
密,82
面,904
堤,8
新,113
是,6484
川,33
擎,35
柱,50
劫,60
那,7499
塊,100
其,216
丈,241
尺,80
寸,61
圍,144
按,193
周,55
政,7
孔,62
更,417
遮,105
左,258
右,226
倒,615
芝,29
蘭,40
襯,33
以,484
秀,79
既,378
久,184
內,471
胞,6
迸,51
裂,21
產,38
卵,16
似,503
毬,34
樣,356
作,606
備,112
肢,11
便,757
學,95
爬,118
走,1291
了,7745
目,125
射,18
沖,63
斗,228
驚,475
尊,235
穹,5
駕,355
闕,48
霄,126
集,37
卿,44
燄,19
即,993
命,718
里,293
眼,495
耳,297
的,5412
臾,72
臣,206
在,3366
裡,2523
今,1084
服,194
餌,5
潛,40
息,131
賜,108
所,296
異,90
卻,2039
跳,380
躍,26
飲,123
採,47
覓,25
與,2241
狼,109
蟲,145
伴,23
獐,39
獼,14
親,354
宿,171
甲,122
炎,17
熱,73
避,71
暑,27
都,1182
頑,80
耍,165
你,5516
他,5753
攀,46
枝,96
拋,91
彈,33
邷,1
麼,1545
跑,183
窩,64
砌,26
蜻,18
蜓,16
撲,126
蜡,5
薩,788
扯,292
葛,29
編,18
帓,1
虱,9
咬,104
掐,12
毛,292
衣,483
剔,16
指,243
擦,23
推,181
壓,97
拉,42
綠,80
邊,743
隨,395
澡,18
股,49
奔,137
滾,197
濺,5
云,149
言,1320
語,344
們,1419
閑,125
事,930
往,690
溜,55
耶,72
喊,103
聲,1164
拖,71
男,99
挈,10
呼,259
弟,1176
兄,583
直,340
瀑,7
布,94
飛,458
但,503
派,25
白,510
虹,14
吹,150
照,190
依,333
冷,127
嶂,6
餘,136
潤,26
微,103
潺,31
湲,6
掛,161
帷,2
拍,7
稱,266
揚,91
遠,350
腳,315
接,325
傷,305
等,1593
連,321
忽,387
叢,56
雜,37
應,238
叫,1426
芳,32
瞑,7
蹲,29
縱,246
睜,74
睛,124
擡,275
朗,38
架,169
橋,113
梁,83
住,1198
仔,127
細,322
鐵,441
板,55
貫,35
閉,83
欠,52
家,1285
蘚,10
堆,55
藍,81
搖,280
片,81
霞,103
窗,58
室,14
滑,39
凳,16
乳,13
珠,116
倚,82
縈,5
迴,39
葩,7
鍋,96
灶,24
傍,203
存,65
跡,59
樽,4
罍,2
靠,23
案,57
殽,10
渣,1
床,77
可,989
盆,41
碗,88
堪,56
誇,58
竿,33
點,342
梅,65
幾,699
帶,301
雨,303
渾,94
像,259
多,979
過,908
只,2304
碣,9
楷,4
字,304
鐫,8
著,2495
福,144
急,568
抽,58
打,1667
呵,114
把,1697
怎,1425
深,254
沒,555
笑,1019
戶,80
房,219
寬,97
闊,49
容,227
口,905
省,48
刮,57
躲,117
霜,54
懼,104
永,75
耀,31
祥,153
瑞,81
蒸,109
熏,6
歡,297
些,1040
膽,149
伸,102
縮,24
頸,28
抓,60
撓,9
腮,41
搶,77
奪,78
佔,1
搬,55
劣,12
倦,24
疲,6
止,125
端,168
坐,627
列,158
啊,440
說,2325
眠,30
睡,307
各,522
享,54
違,32
序,9
齒,77
班,116
禮,521
登,145
隱,99
泰,37
含,44
借,165
姓,180
歷,61
代,51
屬,32
橫,65
領,313
佐,9
使,596
暮,17
契,12
鳥,89
夏,34
涯,29
秋,84
芋,6
栗,6
延,50
期,107
憂,68
惱,155
墮,34
淚,188
慌,340
忙,312
煩,133
雖,226
慮,45
轄,15
凰,8
管,339
拘,39
束,113
由,59
量,121
律,27
嚴,41
血,104
衰,21
閻,78
旦,7
亡,63
枉,46
掩,36
悲,127
啼,87
背,159
厲,76
輪,78
辭,118
汝,158
角,136
涉,22
務,22
必,351
訪,72
噫,34
句,102
話,509
頓,132
教,1013
網,55
鼓,143
掌,165
越,65
廣,165
品,77
送,480
次,149
摘,47
刨,1
斸,1
香,455
蕙,10
件,244
整,190
擺,193
桌,71
酒,301
丸,30
綻,16
肥,19
臘,12
櫻,11
味,71
酸,19
鮮,40
肉,162
甜,18
皮,215
薄,31
荔,6
核,23
囊,50
檎,3
碧,74
獻,110
枇,2
杷,2
緗,6
苞,1
葉,120
梨,13
棗,24
消,204
渴,39
酲,2
爛,61
杏,28
液,13
瓊,28
漿,40
脆,4
李,314
楊,48
蔭,14
脂,18
酥,27
膏,14
酪,4
瓣,17
柿,12
榴,14
砂,42
晶,27
剖,29
硬,53
團,79
瑪,11
瑙,11
胡,132
茶,213
椰,10
葡,9
萄,10
做,1006
榛,4
榧,3
柰,2
盛,82
橘,4
蔗,1
柑,1
橙,5
盈,50
煨,7
煮,44
搗,47
碎,119
茯,3
苓,4
並,142
薏,1
苡,1
漫,70
炊,4
羹,3
珍,57
饈,13
肩,50
痛,118
早,610
替,86
枯,54
栰,10
篙,6
拾,104
儘,12
撐,50
向,354
趁,104
渡,77
隆,10
志,41
建,40
休,262
俗,91
願,162
料,59
緊,286
岸,158
淺,36
棄,36
捕,20
雁,22
穵,2
蛤,3
淘,15
鹽,16
妝,58
𡤫,4
嚇,49
丟,199
筐,3
散,242
拿,957
剝,68
裳,20
穿,272
州,83
市,50
廛,2
利,148
徒,774
騎,51
驢,7
騾,9
駿,9
宰,40
望,441
侯,46
耽,18
勞,133
碌,12
怕,401
勾,59
繼,11
圖,59
肯,223
串,7
城,479
縣,48
想,489
遍,180
麗,40
麓,1
戟,36
仞,4
屏,59
映,62
嵐,4
鎖,126
黛,7
瘦,28
程,90
喬,16
賽,94
蓬,104
瀛,16
響,228
谷,20
繞,68
巉,2
苔,18
巒,13
趨,11
步,284
側,40
歌,46
唱,79
棋,18
柯,12
伐,15
丁,86
徐,27
賣,115
薪,6
沽,7
陶,12
蒼,88
逕,7
對,487
枕,17
認,391
斧,64
擔,178
米,88
競,18
價,21
機,67
榮,29
辱,14
恬,1
淡,50
非,151
講,197
庭,44
樵,82
舉,265
砍,105
柴,73
扮,43
戴,85
箬,3
笠,9
筍,22
籜,2
綿,36
撚,15
紗,35
腰,189
繫,40
環,76
絛,31
蠶,9
吐,54
踏,114
莎,9
槎,8
執,175
衠,3
鋼,99
挽,28
麻,79
繩,212
扳,36
漢,187
答,185
敢,723
夫,229
甚,1176
瞞,85
鄰,32
念,537
幼,85
蒙,151
父,1897
養,170
喪,51
孀,3
姊,6
妹,57
奈,189
晚,222
侍,154
田,64
荒,55
蕪,2
斫,2
挑,154
貨,61
錢,134
糴,1
飯,274
據,18
孝,42
臺,208
斜,41
決,95
誤,79
要,1386
找,99
坡,104
約,52
挺,54
株,37
篁,14
冉,14
佈,71
噴,119
突,27
兀,8
懸,67
張,279
唳,16
翔,6
振,52
皋,2
翎,11
堂,216
悄,84
杳,9
碑,13
樸,3
夠,95
敲,66
梢,40
吃,1017
少,375
頃,64
呀,148
丰,17
姿,29
偉,5
貌,121
髽,3
髻,23
綰,1
袍,62
袖,96
和,1026
別,235
客,125
塵,162
染,28
搔,4
擾,22
躬,93
榻,18
壇,36
跟,182
肅,13
閣,121
樓,236
磕,105
氏,39
鄉,65
喝,316
令,256
撒,88
詐,22
隔,35
叩,137
罵,238
嗔,41
陪,90
記,98
拐,58
軀,31
鄙,11
陋,27
猢,61
猻,59
系,3
乞,44
輩,64
慧,26
穎,4
畢,286
竟,109
怡,11
踴,9
啟,115
灑,35
退,173
旋,35
廊,65
廡,5
寢,46
習,22
焚,46
鋤,6
燃,5
凡,206
倏,11
墜,49
演,60
乘,80
慢,146
麈,8
尾,78
霆,6
皈,79
眉,72
忍,189
舞,125
蹈,10
顛,27
恕,57
罪,273
懵,4
懂,6
飽,56
憑,93
誨,15
哩,740
傾,40
術,41
請,872
扶,95
鸞,39
卜,14
揲,3
蓍,3
凶,38
儒,5
墨,20
醫,99
或,134
曉,202
固,28
牆,57
廈,5
頹,9
朽,9
糧,36
守,121
齋,416
窰,9
坯,4
滴,84
澾,1
磚,33
瓦,50
已,448
尚,838
鍛,10
滂,5
沱,5
濫,2
補,26
弓,47
弩,12
摩,72
臍,5
炮,18
製,21
燒,222
茅,21
鼎,12
鉛,7
婦,121
亦,155
撈,47
影,114
摸,114
底,143
咄,27
撇,47
諕,190
怨,64
潑,243
嘴,307
番,138
衝,50
撞,240
賤,26
嫌,36
惡,198
臉,254
謎,4
耐,36
秘,7
盼,19
及,164
箭,45
鼻,97
露,90
迥,6
汾,2
螢,9
候,129
曳,4
踡,1
跼,2
跪,171
舒,29
吟,84
最,46
莫,750
訣,95
舌,55
披,110
昨,102
允,16
爺,563
廝,194
捨,88
惜,24
總,63
謹,69
牢,45
漏,33
泄,24
吾,145
昌,4
益,12
涼,54
皎,17
潔,20
賞,60
烏,99
龜,36
種,73
攢,69
簇,74
切,141
鋪,102
維,14
己,43
包,159
頗,14
防,47
害,278
良,85
謬,13
濟,92
病,102
駐,3
顏,59
預,21
絕,115
泥,51
垣,13
臟,19
灰,38
幻,3
薰,7
朔,14
柳,128
贔,1
顖,8
腑,7
骨,143
疏,30
悚,39
憫,20
凹,50
尖,90
素,172
袋,36
准,26
罡,16
煞,9
附,15
低,134
玩,45
景,110
曾,715
昇,37
返,57
扠,8
梧,9
零,32
陵,15
索,165
跌,163
觔,136
懇,18
朵,101
捻,114
拳,82
抖,131
嘻,38
兵,474
遞,153
逍,30
遙,88
晝,51
懃,19
讓,167
擻,44
段,174
題,178
棵,8
咒,193
鬱,16
凌,50
嚷,157
拽,85
杖,203
喧,40
嘩,10
檢,31
怒,209
適,73
采,28
工,57
畏,7
禍,114
加,69
保,282
醒,102
快,448
告,233
顧,104
厚,35
惹,55
牽,143
兇,167
許,234
剉,8
貶,36
叮,52
嚀,10
刻,63
溟,4
坎,13
閃,145
饑,53
虐,4
占,52
死,567
鬥,233
姪,7
業,49
輒,9
仇,81
霧,231
電,59
險,51
峻,54
筆,32
曲,54
耕,12
睍,4
睆,4
磷,20
蹺,15
蹊,11
獰,6
蘩,3
滋,16
默,36
陡,28
屢,16
特,177
疾,44
器,225
械,26
靴,21
士,283
赤,94
冑,4
綽,39
盔,29
皂,36
迎,365
褶,2
雄,119
鋒,81
刃,26
亮,86
磊,4
模,165
旬,3
猖,14
隻,181
矬,4
矮,12
殺,384
搥,24
踢,31
短,116
掏,3
脅,13
襠,8
撤,11
猛,92
拔,102
毫,177
嚼,23
週,15
羽,28
乖,45
槍,200
抱,65
撏,3
摳,3
剿,21
吵,24
攝,94
陣,233
屣,29
擁,88
忻,11
咦,38
遷,10
籙,18
操,15
武,179
藝,40
標,12
旗,103
幡,20
哨,28
營,60
寨,11
恐,306
興,76
敵,104
劍,147
尻,4
冶,1
廂,155
軍,116
民,93
銅,90
匠,28
買,132
場,239
霎,41
池,111
街,101
巽,19
吸,30
霾,2
蟹,37
商,56
旅,11
階,72
衙,41
幌,165
巿,1
闖,48
館,74
庫,18
鉞,17
鐮,3
鞭,60
撾,24
簡,52
矛,4
罄,12
丫,36
吆,68
麖,2
麂,9
𤜱,7
狸,28
獾,6
狢,7
狻,9
猊,10
猩,13
野,133
豕,7
羚,2
羊,93
兕,11
狡,12
獒,1
共,113
貢,14
徵,54
桶,22
紛,90
攘,4
諳,4
榔,4
槺,1
奏,301
遯,2
礙,25
溺,13
巡,88
擋,70
敖,46
蝦,31
賢,185
鱖,20
司,99
桿,18
另,21
鮊,6
尉,55
鱔,1
斤,50
鯁,5
督,8
鯉,24
柄,53
畫,52
插,52
委,25
艷,34
禹,9
扛,32
導,9
撩,11
粗,110
忒,58
箍,240
棒,649
魄,53
鱉,20
黿,48
鰲,9
副,29
閏,9
賒,3
鐘,71
擂,27
帥,119
哥,588
湊,17
藕,9
翅,68
冠,66
停,151
聒,24
噪,23
議,36
攛,33
濕,13
燦,19
豎,33
歹,87
撼,10
禁,75
虧,109
針,65
站,83
繡,122
揌,9
駭,8
托,82
揝,20
牙,159
抵,68
獄,45
兢,206
鑼,36
斟,33
健,45
崩,20
罰,6
付,38
遨,2
豪,32
蛟,26
鵬,15
狔,2
𤟹,3
狨,3
斝,4
觴,5
絃,7
闈,3
扭,50
吩,129
咐,130
祭,57
酩,2
酊,2
醉,25
𤛮,2
攲,8
批,6
套,61
踉,8
蹌,4
牌,111
超,50
朦,26
朧,20
掣,131
略,76
醬,20
掄,136
卒,19
森,83
差,310
免,71
秦,18
宋,4
忤,6
卞,3
普,63
錯,93
簿,34
查,97
怠,41
捧,84
臝,2
昆,12
鱗,39
介,14
閱,3
號,162
掭,3
濃,38
概,22
捽,41
帳,50
絆,15
紇,4
繨,1
躘,10
踵,14
夢,114
銷,14
際,36
弘,10
宣,113
詔,18
騁,11
族,26
悽,27
慘,39
首,185
仍,38
制,8
裁,17
庶,35
嶽,6
覽,7
朕,136
翁,46
賫,6
境,59
雌,20
逞,36
恃,5
畜,86
貧,196
具,44
瀆,14
籍,11
俯,32
陛,170
招,142
職,35
陞,18
臨,93
款,23
敘,68
慎,11
諾,18
爵,12
腦,62
增,16
龐,8
苟,11
鄧,26
辛,57
奸,8
塞,38
覿,11
哄,138
擅,39
誰,170
斂,24
緩,31
乍,16
霓,16
琉,24
璃,34
粧,4
銑,1
旄,3
仗,33
猶,49
鬚,39
毘,35
卸,12
絳,12
芙,9
蓉,9
璧,3
輝,54
煌,20
簪,11
綬,5
章,19
墀,9
玲,21
瓏,20
簷,31
翱,2
巍,55
灼,53
葫,90
妃,62
巾,34
昂,64
疊,69
乙,20
瓶,111
彎,30
珊,8
瑚,7
鑾,55
琪,11
暨,2
失,191
姑,13
喏,65
選,63
監,76
缺,12
溫,93
典,33
匹,108
驊,2
騮,3
騏,1
驥,1
騄,1
駬,1
纖,12
媒,14
燕,20
翼,6
驌,2
驦,2
駃,1
騠,1
騔,1
騕,1
褭,1
騊,1
駼,1
踰,1
追,57
𦑭,1
逸,8
驄,4
𩤲,1
宛,3
嘶,8
壯,55
刷,32
扎,33
輔,13
催,34
辦,69
槽,10
泯,3
蹄,40
膘,1
暇,7
席,87
杯,98
銜,15
末,10
喂,17
稍,13
尪,3
羸,4
責,11
損,55
贖,2
藐,4
視,37
役,6
豈,121
喇,58
恭,45
羞,62
寮,1
卑,5
悶,45
幹,106
赭,10
慶,34
納,43
效,7
犬,40
欣,44
置,27
旌,30
寫,82
悉,4
哪,92
吒,116
靖,4
巨,37
肚,126
掠,9
咆,6
哮,24
殘,67
鞋,58
喨,23
磬,22
咨,6
裝,151
齏,2
粉,90
窮,53
曖,1
展,101
播,28
扢,27
截,28
膿,22
饒,183
哈,51
銳,16
斬,57
諫,2
勇,32
敏,2
妍,9
齡,11
敕,36
嬭,1
奮,11
臂,34
杵,33
芒,15
蟒,29
烘,43
億,8
籌,9
虯,3
颼,27
吶,19
剛,117
柔,12
負,79
膊,24
措,17
恁,10
驅,7
訖,33
添,60
諒,8
赦,34
投,94
訝,11
妄,24
祿,50
俸,7
壤,1
宇,70
凜,27
拈,32
累,66
隊,16
罩,50
魯,23
勿,52
較,47
註,17
朋,25
曜,28
彼,37
頫,4
權,39
勘,18
攔,54
夭,11
顆,42
胭,9
酡,2
蒂,4
肌,11
卉,13
栽,22
培,2
紋,8
亭,120
嘗,45
伺,22
憩,1
揀,14
儀,35
娘,360
懿,2
娥,51
疑,106
慣,19
稀,58
規,18
央,17
壘,10
嘉,13
睖,2
靄,41
賺,19
邀,33
誑,35
撥,33
繚,9
繽,12
氤,7
氳,9
翥,1
縹,19
緲,18
萼,5
扆,3
墩,13
描,10
肝,39
髓,8
唇,33
糟,14
缸,28
甕,6
醪,5
佳,54
釀,6
涎,14
瞌,14
夥,98
軟,98
盹,18
酕,2
醄,2
揣,23
率,27
炒,15
豆,25
戈,24
歇,112
衛,33
蹡,16
徠,4
罐,12
鼾,12
拷,11
輦,28
俟,6
糾,25
察,27
緝,4
詳,16
協,5
揭,154
諦,90
值,83
岳,32
崢,21
嶸,21
偏,51
傑,17
瘟,14
亢,9
氐,3
奎,16
婁,2
胃,6
昴,13
危,17
箕,8
井,104
軫,3
樁,38
掀,38
筋,41
驍,14
颯,23
岩,7
楮,5
鏟,21
雕,31
棍,212
宙,19
哽,9
咽,22
哭,224
唏,14
況,32
轅,7
專,66
陀,54
惠,42
撫,7
遵,58
干,76
探,47
裙,56
鼠,23
愚,56
寞,9
獗,6
鎚,35
洪,85
夾,29
鼕,6
羨,12
喘,20
呈,5
忖,10
拆,30
叵,7
甥,11
郎,121
灌,24
昔,20
廟,53
讀,22
姚,7
郭,9
搭,93
項,58
幔,10
賭,107
輸,45
贏,50
綁,74
鏡,28
竄,3
讚,29
嘆,61
俊,46
帽,58
鵝,39
縷,20
襪,7
挎,7
鋋,1
眷,25
昭,12
冤,55
棟,16
攻,31
篩,10
縫,29
蹭,9
蹬,25
獠,17
髮,63
崑,12
崙,12
怯,33
貓,11
戀,19
捏,54
雀,34
鷂,8
鶿,3
嗛,10
淬,17
游,4
鷺,9
鷥,3
纓,17
鸛,1
腿,40
巴,63
魴,1
鰓,1
啄,10
鉗,5
鴇,3
樗,5
蓼,12
汀,4
鴉,30
攏,18
櫺,11
諠,12
愕,1
邏,8
牲,11
趙,13
丙,2
隄,7
愈,31
磁,12
捋,4
圈,57
錕,4
摶,20
琢,16
函,4
摜,33
跤,3
妨,25
捆,5
琵,13
琶,13
押,46
搜,31
討,82
凱,3
剁,22
刑,25
憲,3
忠,20
譴,2
罔,6
箴,1
刺,69
刳,1
屑,5
壺,36
燼,9
搧,56
艮,6
震,10
兌,1
煼,6
迅,13
速,27
侮,20
揉,15
搓,11
涕,7
唿,44
癲,1
癇,1
額,23
蔥,10
汞,10
拄,23
卷,134
拴,65
譽,4
私,46
竭,18
匡,4
垓,13
鏖,3
紡,3
亙,8
尼,28
奕,8
翊,1
剎,104
達,31
召,46
匝,11
阿,77
儺,23
迦,27
牟,7
村,77
暴,35
窄,19
焉,10
獃,446
荷,18
泡,10
尿,19
臊,17
聯,20
殄,5
瞻,19
輿,6
詠,4
哦,5
悖,3
京,14
炁,6
瑟,4
輅,1
藹,23
幢,28
韻,18
簫,10
暢,7
姬,4
鍊,6
嬌,88
嫩,29
寰,3
桑,12
滄,8
觥,7
噢,1
蓄,1
紀,37
輻,1
輳,1
恆,4
敬,73
枚,9
帖,58
唵,17
嘛,11
呢,16
叭,4
𠺗,3
吽,4
貼,54
掙,73
祗,23
溶,2
汁,8
愆,13
捱,23
磨,70
淒,8
殃,7
芥,9
滯,17
杜,11
溪,31
鷲,9
裊,4
篇,16
蘇,5
娑,9
滔,25
悅,22
麋,8
啣,17
噙,30
減,11
優,16
怖,6
坦,5
孟,3
盂,61
疆,3
祝,39
斛,1
鍾,60
澄,22
域,20
雅,31
悠,26
敷,4
蘊,2
楞,8
涵,3
盧,16
糊,19
踐,6
蠢,10
毀,15
謗,6
瑜,5
詢,12
絡,10
紐,4
籠,124
絨,22
脣,2
藤,59
途,64
襴,22
錫,44
脹,11
裹,36
栴,1
檀,24
弱,25
磧,1
韃,2
靼,2
浩,15
漠,34
浦,3
漁,41
叟,27
棲,18
蘋,6
剌,10
醜,114
晦,45
爍,7
缽,72
鬆,54
叱,10
咤,10
吼,42
揪,60
捲,66
玻,10
盞,72
胸,70
濤,12
骷,16
髏,16
吊,94
蒲,18
爪,43
築,133
彘,8
嫦,11
姐,67
蹅,4
餓,54
膩,16
穀,23
禱,30
瘴,6
葷,44
厭,8
逆,16
宥,4
匣,39
悔,19
囑,12
疥,4
癩,11
祠,19
隍,19
社,26
暫,20
遁,17
陝,1
邦,46
基,21
擢,1
材,22
榜,59
頒,2
廷,17
考,5
倘,52
妻,117
閭,1
稟,13
僮,32
趲,13
策,33
跨,27
殷,20
婚,26
綵,30
婿,44
科,20
恰,14
笙,14
婢,20
妾,13
賓,10
贊,7
宵,50
攜,48
限,23
娶,5
叨,30
賴,32
庇,3
忝,4
店,53
晨,7
烹,16
䁪,2
賃,6
屋,56
租,4
艱,16
彪,14
船,93
蠻,11
尸,9
牒,53
係,5
農,8
勉,11
魁,5
訟,1
謙,17
腹,70
疼,141
暈,11
淹,7
紙,59
驗,27
汗,24
衫,27
梭,13
奧,8
乎,55
哀,42
抄,8
膝,16
割,30
焦,52
鬟,19
俵,1
統,10
舟,24
爹,23
霸,4
鑒,9
舔,2
覷,10
戚,14
廳,56
縊,5
靦,5
恥,7
拭,2
剮,8
梟,3
奠,6
剜,12
絞,8
綃,8
拚,10
倉,11
嚎,6
啕,4
鵲,19
頻,12
俺,3
薦,10
属,1
于,4
领,1
为,1
逝,2
经,1
过,1
1,4
0,2
并,7
9,1
2,1
8,1
版,5
涇,18
酣,8
蝶,15
扁,8
篷,27
遶,21
穗,4
蒹,2
葭,2
鷗,6
灣,20
鶯,9
暖,37
換,165
季,8
鷓,4
鴣,4
櫓,1
荇,1
芽,19
菱,6
芹,4
菇,8
茭,3
崔,32
醃,12
豝,1
椿,4
楝,1
樨,1
寓,3
鉤,62
稚,3
簑,5
茆,1
椽,5
甌,3
殊,20
繁,9
楚,24
潭,28
湖,23
鬨,6
蛀,2
榆,4
柟,4
艇,4
棹,12
鬢,31
黍,4
畔,10
扉,11
線,42
晒,15
訓,9
琴,11
狎,1
罕,22
曠,11
漲,11
岫,7
燎,14
釣,15
欹,4
繒,2
暉,6
剩,13
猜,43
鴨,7
爊,2
豐,20
煎,37
痴,37
埋,53
啞,29
聾,12
僭,1
佯,16
寄,16
瀟,23
盟,2
酌,10
菜,63
憨,1
融,11
荻,3
豔,37
閫,1
憊,30
懶,61
測,8
課,10
準,19
鰣,2
黎,27
循,7
矩,5
擠,12
局,10
璣,2
綺,11
硯,6
璞,1
爻,4
槃,11
鑑,5
袁,7
叔,32
晴,28
澤,13
惑,20
掉,2
甦,18
札,8
剋,16
舖,1
椅,24
蝴,5
欄,26
杆,9
拂,35
堯,5
舜,7
冕,2
旒,1
襲,13
謳,2
翡,9
控,15
勣,4
珪,18
寡,78
爇,2
沐,22
浴,34
齎,2
惶,26
弈,5
嬪,33
枰,2
博,10
擊,23
促,28
惴,3
稷,12
創,7
茂,17
淋,53
擲,11
獎,20
諭,6
患,18
泣,9
級,11
箝,4
后,97
躊,5
躇,5
診,11
諱,8
愴,8
祟,10
魅,15
鎧,9
扣,31
勳,1
膳,20
乒,28
乓,25
絹,7
抹,56
氅,8
荼,4
瞧,3
殯,2
殮,2
倣,2
蜀,5
肓,1
捎,20
酆,7
珏,7
儲,5
梓,4
漚,1
蟻,13
騭,4
獵,20
郊,4
笏,3
鬍,4
攙,88
爾,15
蔬,15
祈,24
耿,6
鴛,10
鴦,7
檻,12
牕,1
牖,4
櫳,6
烈,50
練,9
珮,10
噹,32
燭,42
仵,3
迓,11
麾,2
遜,8
揖,16
旛,6
凸,1
崎,14
嶇,13
廬,3
巖,40
魍,9
魎,9
票,2
坑,17
寥,2
碓,10
腸,56
皺,16
秤,21
屯,9
油,128
伶,30
仃,4
財,75
淪,9
彰,2
儼,1
疋,5
逼,31
腥,17
㪥,1
枷,10
杻,1
枒,7
杈,1
狗,23
猙,2
鈔,8
均,11
鈞,7
陸,17
唯,3
帔,2
魑,5
刁,37
踄,2
鞍,51
韂,4
渭,5
撮,27
廉,4
蕭,22
瑀,18
傅,6
衡,6
棺,14
渰,16
驟,8
歪,21
菡,3
萏,3
塌,20
柩,1
湯,90
粥,8
晉,4
劑,2
淳,2
薛,2
誣,5
姦,5
偽,5
舂,5
熬,28
弔,5
叛,1
審,22
恤,4
囚,5
黨,16
儉,2
債,7
釵,17
閨,4
捐,4
嫂,39
綾,20
奩,5
飾,14
嫁,9
徭,3
販,16
錠,11
臻,6
兼,3
駢,2
畝,6
史,32
塗,10
誘,11
窺,3
誦,40
梵,6
矯,1
祚,1
夷,25
遏,2
廢,10
寘,1
抗,6
僕,16
泱,6
綱,9
闡,9
織,16
闍,4
擇,4
龕,1
癸,1
佩,5
鶚,1
傘,10
虔,26
翩,10
糖,16
宜,27
愍,2
楫,4
痾,6
趣,18
純,12
咸,3
衷,2
衲,13
瘋,3
傻,2
倍,10
噬,2
幅,9
幫,35
簆,1
嵌,13
辟,52
沁,3
沿,17
琮,1
評,2
鑲,5
償,9
諷,5
偈,6
鈕,2
轟,17
賈,6
炷,3
述,1
詣,5
祇,5
亞,22
埃,30
篆,7
鸚,15
吳,4
頌,15
跋,5
誓,22
寵,4
印,32
餞,4
砧,3
寐,6
楓,7
菊,10
憔,2
悴,3
鶩,1
黯,2
嘹,6
嚦,5
鞏,3
鋸,13
鑿,11
斑,30
夯,51
符,26
胖,22
嵯,13
峨,22
牯,3
牸,1
嘓,15
啅,3
啖,1
羔,2
袱,62
巢,37
硃,3
馥,21
靡,1
迍,10
艾,6
矢,3
雉,4
斕,10
霹,11
靂,11
癱,1
膂,6
迤,2
𨓦,2
籬,13
笆,1
嫗,13
媳,5
懽,1
忌,6
浼,2
晌,19
腐,16
粱,4
粟,2
箸,9
腌,3
臢,3
稻,9
苾,1
蒭,2
徉,3
徜,1
麵,54
餅,33
袂,2
呆,24
兮,7
莽,8
篡,2
凍,29
薜,12
頷,7
狽,7
喉,17
繳,17
薅,1
剪,34
囫,15
圇,15
聆,5
筇,1
譫,1
蜜,29
扒,5
苫,9
媽,82
裰,45
摺,9
凋,10
涓,10
嗅,2
灸,1
症,5
螻,6
蛾,16
緒,6
絮,29
歎,3
恓,5
侶,8
洩,2
懲,5
圯,3
倨,3
幄,1
謊,29
峭,6
湛,10
眩,1
泓,1
轡,23
阜,1
燥,25
哏,13
鰍,2
詈,2
泛,18
屈,27
搪,11
咋,8
坊,25
瀾,4
訶,7
餒,5
蘸,13
障,27
惰,11
贈,6
鬃,16
區,21
刬,2
渚,1
敝,11
咇,2
耘,2
馱,113
邅,6
充,21
募,6
屜,3
晃,46
柬,8
鐙,5
劄,10
粲,1
訊,33
孜,16
哂,7
檜,14
笄,2
噤,9
褊,15
痕,16
驪,3
攣,3
瞅,3
桂,13
櫃,67
婪,1
殞,1
虞,6
咷,1
揩,13
唉,2
蜂,23
粘,8
囂,6
棱,6
燧,2
弭,1
爆,11
箱,8
氈,14
炭,14
棚,3
槅,2
嗟,13
襟,11
懊,5
觸,16
掘,4
焜,1
擄,11
勻,5
畿,2
崗,2
矗,10
螺,4
鸝,7
萊,19
漆,44
軃,3
煤,3
碾,7
苗,16
馳,5
咱,2
葬,7
紵,4
袢,1
襖,15
翰,7
校,34
籟,10
玳,5
瑁,5
灘,17
腔,16
贄,2
迺,1
恍,7
惚,3
颻,9
鑠,1
岑,1
惻,1
蓽,4
擱,11
懈,8
瑕,6
蛺,1
夕,7
爨,4
豚,1
衢,8
褌,2
褲,6
鈐,3
拑,6
斯,29
費,58
糙,10
犢,4
諄,2
敞,7
价,3
耗,5
緻,3
耙,4
禾,7
鑰,6
匙,8
淄,3
態,9
偎,8
蹙,4
祛,11
摧,12
糜,3
喙,2
哼,47
嘖,2
摟,15
溝,11
麥,11
秧,4
吁,3
姨,7
玷,4
鬣,6
睬,13
劃,4
喋,1
輟,2
腎,2
貲,4
饢,10
糠,7
噓,17
熒,6
𤏘,1
鑄,14
姻,21
詭,2
葦,3
罣,10
揮,12
罈,2
帛,10
聊,14
賄,1
舅,22
埵,1
究,6
涅,7
耨,1
繭,3
沼,11
贓,13
佇,13
篾,9
嚶,37
腆,4
鈍,3
狹,4
頦,2
癆,6
錄,6
掬,23
窿,22
嗣,2
澀,3
𩉢,1
陟,1
屹,3
嶝,2
轤,5
哷,2
趷,1
岱,3
纜,6
錨,1
膛,5
津,13
媸,5
搠,21
饌,8
蹶,1
挫,13
芊,2
嚙,1
鵓,1
鴿,1
槐,11
猥,2
戳,4
績,14
坫,1
湘,4
橦,1
攸,5
釧,2
炸,5
顫,7
吠,7
翳,4
郁,10
僻,11
帚,20
瞎,5
茵,7
轂,22
轆,25
蚊,6
疙,2
疸,2
髯,13
貂,5
坂,2
辣,14
靛,15
謫,2
戧,5
癢,24
杭,1
趟,2
予,1
餉,1
鮓,3
沫,9
硝,3
玠,1
鏽,5
睦,6
沃,1
叼,6
奶,73
繃,5
剃,17
淅,13
蟋,1
紈,2
蔑,1
匾,15
噯,8
㨝,6
辿,1
軒,22
莖,1
圜,6
唧,13
噥,15
軸,4
几,5
餳,3
鬘,1
梳,16
堡,3
贅,8
緇,4
蟆,3
屁,9
糯,3
臭,19
嘲,1
嗒,3
嗤,2
尷,5
尬,5
嬈,9
窈,5
窕,5
鈿,3
麝,6
娃,4
紊,3
趄,2
庖,5
廚,26
帕,7
馨,9
腫,8
篏,1
蹻,1
懞,4
慚,11
愧,13
穠,5
嘯,18
閬,4
苑,12
囉,6
唣,3
鬅,1
格,29
諂,2
佞,2
綑,93
墊,3
稔,1
僵,4
犺,6
蒜,6
茸,6
桐,3
䕷,3
牡,9
槿,3
芍,9
圃,3
棠,8
菠,1
莙,1
薘,1
薑,4
薯,1
瓠,2
芫,1
荽,1
韭,1
薤,1
蕖,2
蒿,9
藚,1
茄,3
蔓,9
菁,6
蔔,4
莧,2
菘,1
饞,4
嚥,9
禿,16
痞,1
賠,4
骸,17
裔,3
咀,2
醋,10
碟,4
錤,1
蛭,4
鐄,2
撬,1
噀,2
伊,4
呂,6
䌋,3
縺,2
傀,1
儡,1
鈇,1
浸,18
猾,1
棕,8
蠅,29
拗,4
鑊,1
煠,4
膚,6
燙,4
禳,3
碁,2
填,12
蜾,1
䎘,1
皓,8
奴,35
挖,1
諢,1
禎,3
綸,4
曼,3
倩,2
慨,6
鋘,3
皤,1
綢,3
繆,3
希,4
樊,3
炙,1
囀,5
瓢,10
舀,12
澆,14
聰,7
俏,16
嘈,6
曬,12
蛆,1
蛙,3
忿,7
唆,4
顴,2
翹,8
嫉,6
彭,1
塋,3
讒,3
惺,2
詀,3
洶,4
墓,7
墳,14
谿,1
杉,1
柘,1
胯,6
膀,1
檳,1
坵,1
齁,2
竇,1
髭,3
曙,2
榾,1
柮,2
腋,1
檐,3
埠,1
磲,1
幃,6
駙,64
嚌,4
迢,9
嵂,4
崒,3
阡,1
陌,8
椒,7
廓,4
弁,1
籥,1
鵰,6
巷,8
弦,12
洛,1
驛,89
雍,1
丕,1
詰,3
劬,2
娛,4
塑,8
靉,11
靆,7
僅,7
梆,27
汛,10
簸,5
鹵,3
潘,1
騂,2
質,7
啃,12
氛,9
蠟,5
鉈,2
媚,8
鞘,3
塘,11
掇,3
併,7
俐,23
踞,3
菲,10
訢,2
躁,12
毋,1
辯,3
醍,2
醐,2
咎,3
𦚐,1
鞠,3
螃,7
稽,9
羈,6
簌,3
估,6
柵,1
韜,4
魘,6
卮,3
梯,10
塹,3
蔽,9
澹,3
雛,11
圩,1
逗,1
搵,3
蟭,18
蟟,18
瘖,4
僥,3
搴,7
鷖,1
揸,1
窠,3
蛋,3
喳,7
某,2
醮,7
嘮,1
滲,2
蓏,3
屎,5
綴,3
券,2
偌,1
嵋,1
抉,3
範,3
渤,1
趬,2
肺,7
轎,58
緯,5
盒,6
隸,3
脯,5
啻,2
韶,2
譎,1
鑌,2
靿,2
蹍,1
褪,12
釃,1
銼,7
臀,3
唾,8
漱,6
漓,6
媧,2
窪,1
漷,2
筩,2
蕈,5
蘑,8
𣙢,2
堰,1
釐,9
諧,18
熯,3
熾,2
燁,4
什,1
傢,1
蹋,1
縞,2
拒,4
瞽,1
掯,7
彷,2
彿,2
𡶧,1
豺,3
邁,5
瀝,6
茴,1
港,1
曇,2
崚,4
嶒,4
懺,8
襤,2
褸,2
杠,13
邂,1
逅,1
庾,1
宏,2
黏,2
瞋,1
歉,1
賑,1
廩,1
涸,4
懦,2
鵠,1
娩,1
睹,8
羶,1
貔,2
驃,1
袒,1
𥎱,2
筮,2
慕,5
孺,1
慼,1
嫡,2
羑,1
䟕,2
茉,3
莉,1
玫,2
瑰,2
壅,2
棣,1
緘,1
瀼,2
槁,3
哺,6
淮,7
躺,1
敦,3
捘,1
笊,3
嗉,2
杌,1
瞥,2
猁,1
騸,1
緞,5
磴,2
搊,2
奢,2
侈,1
搽,5
趫,1
呻,10
嶮,5
例,3
萍,2
輛,8
冽,1
㾩,1
淌,7
閘,2
赫,2
旺,5
脾,5
騃,1
鯊,2
鱯,1
鯖,3
鯕,2
樞,4
戎,2
鮎,10
淙,8
濘,1
蜷,1
犒,2
嚏,6
伍,3
虼,5
蚤,5
援,10
燻,5
竦,2
羲,1
槳,4
桅,4
鵡,4
鐲,2
篤,3
眸,3
潦,1
瀰,1
泊,3
艙,1
紮,2
峪,4
嗗,1
誕,3
邇,2
仲,2
砥,1
咳,7
鯨,4
蚌,2
鰕,2
鱨,1
鯔,1
鮆,1
蠣,1
蟶,1
鯤,3
鱏,1
蟮,1
魲,1
鱠,1
鯧,1
稜,3
萌,4
昊,1
譁,11
植,4
窘,1
迫,2
饉,1
嗽,4
傭,2
刎,1
摔,1
簧,2
檄,7
晏,9
饅,9
廁,2
灒,2
倥,1
俚,3
忐,1
忑,1
皿,7
咂,3
𨢿,1
嬉,2
蟄,7
瀉,3
瓮,2
撿,3
藉,1
杲,2
遽,2
蜈,6
蚣,6
擬,1
劊,8
瘡,2
疤,2
饝,40
盪,4
劖,7
訕,1
蚯,1
蚓,2
飢,7
罾,1
鈸,10
舡,1
笛,4
嚨,6
噇,2
祐,5
醴,4
侄,7
伉,2
貽,5
祀,6
跬,2
衾,5
裘,7
裀,2
褥,1
彤,6
猷,2
幣,1
蓑,1
幙,3
燉,1
藻,3
沍,1
錮,2
駟,2
紾,1
姆,7
嶠,3
錐,2
咿,3
雇,4
菂,2
攤,1
蹕,1
圞,2
澌,2
菴,1
藜,12
掗,10
悵,2
謾,1
晤,4
犁,2
卓,2
慄,2
韓,6
睺,1
孛,1
霽,2
偃,5
蕃,2
球,1
雹,1
眺,3
甯,1
𤊨,4
勺,1
湍,3
漩,1
䯞,1
腕,6
橐,1
膜,2
驕,1
褒,3
夙,2
肐,5
𩣔,1
熄,3
垛,6
絢,2
腯,2
抅,1
括,2
喃,3
暄,1
曛,1
橈,1
橄,3
艎,1
舵,1
航,3
檣,1
蹼,3
𨁃,1
齜,1
鐏,4
隙,5
僝,2
僽,2
蝎,7
蜋,1
硍,1
枋,1
牧,5
肆,8
殖,2
綹,1
兆,5
妁,1
僉,1
𩡏,1
巹,5
汲,6
恣,3
嬝,7
娜,7
儷,1
閶,2
闔,2
糕,14
菔,2
鸕,1
杓,4
琥,5
珀,5
匆,2
嗚,10
蟾,5
揫,1
餡,8
煅,5
瘇,3
癰,2
愉,1
糞,3
衽,1
猱,11
啐,7
沾,23
拇,1
距,1
汨,1
笞,2
鞽,2
撻,7
嘍,2
鞦,5
韆,5
慳,4
吝,9
慷,1
𢷑,3
掆,3
塚,3
畦,2
葵,6
肖,2
搕,1
砑,5
翕,2
漾,4
顱,3
蠃,3
隘,1
戮,4
沸,3
酷,2
𢯌,1
靸,1
䩺,3
咍,1
很,2
溲,1
稠,2
漕,2
肋,1
烙,2
嬙,2
庸,5
俎,1
迭,1
鱸,1
妓,1
醞,1
誆,2
冗,3
憚,1
𠲛,2
掮,6
餂,5
癀,1
囔,6
䬲,1
犧,2
恢,1
乜,2
霏,2
倜,1
儻,1
稼,3
墟,1
蛛,13
繪,1
笤,7
譙,3
鐸,6
鎔,2
灞,8
嗓,1
鍪,2
宸,1
紜,4
餚,9
幕,2
鎩,1
訛,5
芬,1
勁,9
尤,5
戛,1
瑣,2
俄,1
慰,1
刪,1
淇,1
澳,1
筠,1
妲,1
賡,2
董,2
闋,1
軋,2
涴,1
滉,1
貉,2
鐃,28
盲,3
㘕,1
亨,2
礦,1
窊,1
蝙,1
蝠,2
獬,11
㺄,1
觜,2
犴,10
掤,1
窖,7
裾,1
跣,1
盱,2
眙,2
蠙,5
泗,2
嵩,1
頤,1
槌,9
蒯,1
傞,3
衕,12
衚,6
黴,1
圊,1
擰,1
嘬,2
頡,1
㮇,4
贛,1
駱,1
臕,1
齆,2
呱,1
喁,1
魈,3
澇,2
遐,3
沛,1
隋,1
紹,1
𩜇,3
鄭,2
痊,2
療,2
𢵮,1
宦,6
濇,2
芤,2
恙,4
痰,4
膨,1
齕,1
拌,3
溢,1
貯,3
菰,3
蠱,1
粽,2
菖,1
豸,5
衒,1
絯,2
驀,2
獺,2
剽,1
蒺,5
銃,1
鉋,1
懨,2
毯,2
鐺,2
髒,1
儕,1
塢,1
乏,1
怛,1
瘢,1
唬,1
啾,1
蜇,4
抷,1
臁,1
潠,1
簍,1
蹴,1
踘,1
嬋,2
娟,2
膻,1
羿,1
潢,1
肘,2
漬,2
虀,2
螞,6
蠦,4
蜢,7
翛,2
鴏,3
杪,1
阮,1
淤,2
蜘,10
鯪,3
渠,1
嵎,1
嘔,2
噦,2
蛩,2
簽,2
梃,10
𣮤,1
謠,6
僚,1
幟,2
鷃,1
翮,2
赥,4
捍,3
洼,1
齦,1
齶,1
啛,1
箏,1
蝸,2
划,1
漉,2
儾,1
晾,3
勦,1
跎,1
邸,1
帘,2
誥,1
戕,1
紉,1
簞,2
抿,1
呦,2
蔞,1
桓,9
鵑,4
甫,1
巫,1
滕,1
嗊,1
蓁,1
秇,1
拶,2
㧚,2
儔,2
煥,1
玎,2
璫,2
闃,1
闌,1
鮑,1
仿,1
䯼,1
互,1
柞,1
媾,3
娉,3
婷,3
欖,2
鏇,1
鵪,1
鶉,1
鹹,3
訂,2
箔,2
𣽹,1
薔,3
薇,4
嫵,1
𧿼,8
腭,1
邃,1
勛,1
弢,1
嶷,2
啈,1
嗄,2
磽,1
哇,4
閩,1
駒,2
掂,2
榦,2
炳,2
么,1
讖,1
鰥,1
貅,1
禺,1
堵,6
握,2
焯,1
薺,4
熝,1
萵,1
藩,1
蕎,2
枸,1
杞,1
阪,1
聘,1
菑,1
澮,1
哲,2
歐,1
瘼,1
𡃤,2
霍,1
疇,2
荳,1
穡,1
鏤,1
贐,1
碩,1
菽,1
邑,1
抒,1
褻,2
咚,1
窵,1
式,3
廠,5
瞬,1
埂,1
倖,2
唎,1
𤟷,1
猍,1
夤,1
楟,2
捶,1
蘢,1
騫,1
褐,1
屆,1
輞,1
鳧,1
俠,1
馮,1
檠,2
琅,2
醺,2
旻,2
鴈,2
磐,1
鏈,1
蜚,1
瑩,1
朴,1
徘,1
徊,1
敧,1
𡅃,1
匿,1
琚,1
貳,2
蠲,1
禦,1
岡,1
址,3
壬,1
戊,1
廕,4
羌,1
螭,1
餪,1
萱,1
熳,2
煖,1
熙,2
芰,3
飫,1
嫣,1
姌,1
鳷,3
抑,2
臼,1
姮,2
逭,1
穰,2
誹,1
讌,1
娼,2
嫖,1
龔,1
銘,2
嚛,6
辜,2
歿,1
姜,2
蓆,1
豁,1
琳,1
旃,6
𦩅,1
𦪀,1
孰,2
飼,1
篋,2
喔,1
弊,4
需,3
癃,1
熌,7
佃,1
繹,1
衍,1
蕨,1
挹,2
詎,1
栖,1
賾,1
爰,1
譯,1
陲,1
泫,1
矧,1
冀,1
歟,1
璋,1
礫,1
恧,1
酗,1
慵,1
炬,1
